9390: {"name": "Dogville", "duration":140, "dateCreated": 2003, "directors": ["Lars von Trier"], "actors": ["Nicole Kidman", "Harriet Andersson", "Lauren Bacall", "Jean-Marc Barr", "Paul Bettany", "Blair Brown", "James Caan", "Patricia Clarkson", "Jeremy Davies", "Ben Gazzara"], "rating": 82.68986}
211522: {"name": "9. rota", "duration":130, "dateCreated": 2005, "directors": ["Fjodor Bondarčuk"], "actors": ["Artur Smoljaninov", "Fjodor Bondarčuk", "Alexej Kravčenko", "Alexej Čadov", "Amadu Mamadakov", "Alexej Serebrjakov", "Michail Porečenkov", "Michail Jefremov", "Světlana Ivanova", "Alexandr Baširov"], "rating": 77.66854}
242273: {"name": "Valčík s Bašírem", "duration":90, "dateCreated": 2008, "directors": ["Ari Folman"], "actors": ["Ari Folman", "Ori Sivan", "Miki Leon", "Yehezkel Lazarov"], "rating": 84.02627}
458390: {"name": "Borg/McEnroe", "duration":107, "dateCreated": 2017, "directors": ["Janus Metz"], "actors": ["Sverrir Gudnason", "Shia LaBeouf", "Stellan Skarsgård", "Tuva Novotny", "Leo Borg", "Jackson Gann", "Scott Arthur", "Ian Blackman", "Robert Emms", "David Bamber"], "rating": 76.66541}
61418: {"name": "Neznámý voják", "duration":179, "dateCreated": 2017, "directors": ["Aku Louhimies"], "actors": ["Eero Aho", "Johannes Holopainen", "Jussi Vatanen", "Aku Hirviniemi", "Hannes Suominen", "Arttu Kapulainen", "Paula Vesala", "Samuli Vauramo", "Joonas Saartamo", "Juho Milonoff"], "rating": 79.80521}
230172: {"name": "Arn", "duration":138, "dateCreated": 2007, "directors": ["Peter Flinth"], "actors": ["Joakim Nätterqvist", "Sofia Helin", "Michael Nyqvist", "Mirja Turestedt", "Morgan Alling", "Stellan Skarsgård", "Gustaf Skarsgård", "Bibi Andersson", "Simon Callow", "Anders Baasmo Christiansen"], "rating": 71.4003}
35366: {"name": "Muž bez minulosti", "duration":97, "dateCreated": 2002, "directors": ["Aki Kaurismäki"], "actors": ["Markku Peltola", "Kati Outinen", "Juhani Niemelä", "Kaija Pakarinen", "Sakari Kuosmanen", "Annikki Tähti", "Anneli Sauli", "Elina Salo", "Outi Mäenpää", "Esko Nikkari"], "rating": 78.17625}
249670: {"name": "Domov šedých motýlů", "duration":102, "dateCreated": 2008, "directors": ["Dome Karukoski"], "actors": ["Niilo Syväoja", "Tommi Korpela", "Kristiina Halttu", "Kati Outinen", "Pertti Sveholm", "Matleena Kuusniemi", "Eero Milonoff", "Marjut Maristo", "Roope Karisto", "Ville Saksela"], "rating": 76.78615}
277361: {"name": "Le Havre", "duration":93, "dateCreated": 2011, "directors": ["Aki Kaurismäki"], "actors": ["André Wilms", "Jean-Pierre Darroussin", "Kati Outinen", "Blondin Miguel", "Elina Salo", "Evelyne Didi", "Quoc Dung Nguyen", "Pierre Étaix", "Jean-Pierre Léaud", "Laïka"], "rating": 74.5617}
325475: {"name": "Klauni", "duration":120, "dateCreated": 2013, "directors": ["Viktor Tauš"], "actors": ["Didier Flamand", "Oldřich Kaiser", "Jiří Lábus", "Julie Ferrier", "Kati Outinen", "Eva Jeníčková", "Taťjana Medvecká", "Ivana Uhlířová", "Juraj Nvota", "Zuzana Kronerová"], "rating": 63.944637}
251615: {"name": "Legenda o Vánocích", "duration":81, "dateCreated": 2007, "directors": ["Juha Wuolijoki"], "actors": ["Hannu-Pekka Björkman", "Otto Gustavsson", "Jonas Rinne", "Kari Väänänen", "Minna Haapkylä", "Mikko Leppilampi", "Mikko Kouki", "Oskari Heimonen", "Roi Ron", "Laura Birn"], "rating": 77.28621}
187048: {"name": "Restart", "duration":85, "dateCreated": 2005, "directors": ["Julius Ševčík"], "actors": ["Lenka Krobotová", "Filip Čapka", "Anna Polívková", "Václav Jiráček", "Miroslav Krobot", "Jitka Čvančarová", "Kostas Zerdaloglu", "Jan Révai", "Michal Zelenka", "Marko Igonda"], "rating": 58.374672}
424387: {"name": "Druhá strana naděje", "duration":98, "dateCreated": 2017, "directors": ["Aki Kaurismäki"], "actors": ["Sherwan Haji", "Sakari Kuosmanen", "Tommi Korpela", "Janne Hyytiäinen", "Ilkka Koivula", "Kaija Pakarinen", "Nuppu Koivu", "Tuomari Nurmio", "Ville Virtanen", "Sulevi Peltola"], "rating": 73.01927}
300573: {"name": "Imaginaerum", "duration":82, "dateCreated": 2012, "directors": ["Stobe Harju"], "actors": ["Marianne Farley", "Quinn Lord", "Francis X. McCarthy", "Ilkka Villi", "Joanna Noyes", "Keyanna Fielding", "Stéphane Demers", "Ron Lea", "Hélène Robbie", "Tuomas Holopainen"], "rating": 73.43921}
230173: {"name": "Plamen a Citron", "duration":130, "dateCreated": 2008, "directors": ["Ole Christian Madsen"], "actors": ["Mads Mikkelsen", "Thure Lindhardt", "Stine Stengade", "Peter Mygind", "Mille Hoffmeyer Lehfeldt", "Jan Zuska", "Nikola Navrátil", "Simona Včalová", "Peter Plaugborg", "Christian Berkel"], "rating": 71.15934}
407911: {"name": "1944: Přinuceni k boji", "duration":100, "dateCreated": 2015, "directors": ["Elmo Nüganen"], "actors": ["Märt Pius", "Mait Malmsten", "Ain Mäeots", "Gert Raudsep", "Rain Simmul", "Ivo Uukkivi", "Tõnu Oja", "Jaak Prints", "Martin Mill", "Peeter Tammearu"], "rating": 75.77859}
5049: {"name": "Bohémský život", "duration":100, "dateCreated": 1992, "directors": ["Aki Kaurismäki"], "actors": ["Matti Pellonpää", "Evelyne Didi", "André Wilms", "Kari Väänänen", "Christine Murillo", "Jean-Pierre Léaud", "Carlos Salgado", "Alexis Nitzer", "Sylvie Van den Elsen", "Gilles Charmant"], "rating": 83.46235}
1259990: {"name": "Karaoke blues", "duration":81, "dateCreated": 2023, "directors": ["Aki Kaurismäki"], "actors": ["Jussi Vatanen", "Alma Pöysti", "Janne Hyytiäinen", "Nuppu Koivu", "Matti Onnismaa", "Martti Suosalo", "Sakari Kuosmanen", "Alina Tomnikov"], "rating": 80.14881}
5032: {"name": "Najal jsem si vraha", "duration":79, "dateCreated": 1990, "directors": ["Aki Kaurismäki"], "actors": ["Jean-Pierre Léaud", "Margi Clarke", "Kenneth Colley", "Serge Reggiani", "Nicky Tesco", "Charles Cork", "Angela Walsh", "Michael O'Hagan", "Walter Sparrow", "Tony Rohr"], "rating": 77.57622}
32928: {"name": "Dalších deset minut", "duration":92, "dateCreated": 2002, "directors": ["Aki Kaurismäki", "Víctor Erice", "Werner Herzog"], "actors": ["Markku Peltola", "Kati Outinen", "Janne Hyytiäinen", "Chloë Sevigny", "Amber Tamblyn", "Yixiang Li", "Wim Wenders", "Marko Haavisto", "Jamie Hector", "Yuanzheng Feng"], "rating": 74.04189}
348540: {"name": "Lví srdce", "duration":99, "dateCreated": 2013, "directors": ["Dome Karukoski"], "actors": ["Peter Franzén", "Laura Birn", "Jasper Pääkkönen", "Yusufa Sidibeh", "Jussi Vatanen", "Timo Lavikainen", "Pamela Tola", "Mikko Neuvonen", "Niko Vakkuri", "Jani Toivola"], "rating": 76.9992}
5047: {"name": "Děvče ze sirkárny", "duration":68, "dateCreated": 1990, "directors": ["Aki Kaurismäki"], "actors": ["Kati Outinen", "Elina Salo", "Esko Nikkari", "Vesa Vierikko", "Reijo Taipale", "Silu Seppälä", "Outi Mäenpää", "Marja Packalén", "Richard Reitinger", "Helka Viljanen"], "rating": 79.76647}
331448: {"name": "Očista", "duration":120, "dateCreated": 2012, "directors": ["Antti J. Jokinen"], "actors": ["Laura Birn", "Liisi Tandefelt", "Amanda Pilke", "Peter Franzén", "Kristjan Sarv", "Krista Kosonen", "Tommi Korpela", "Sonja Nüganen", "Kaisa Kaljusaar", "Laura Kiis"], "rating": 80.0}
209133: {"name": "Zamrzlá země", "duration":130, "dateCreated": 2005, "directors": ["Aku Louhimies"], "actors": ["Jasper Pääkkönen", "Mikko Leppilampi", "Pamela Tola", "Petteri Summanen", "Matleena Kuusniemi", "Sulevi Peltola", "Mikko Kouki", "Pertti Sveholm", "Samuli Edelmann", "Saara Pakkasvirta"], "rating": 79.96275}
222908: {"name": "Světla v soumraku", "duration":78, "dateCreated": 2006, "directors": ["Aki Kaurismäki"], "actors": ["Janne Hyytiäinen", "Maria Järvenhelmi", "Maria Heiskanen", "Ilkka Koivula", "Sergej Doudko", "Andrei Gennadiev", "Arturas Pozdniakovas", "Matti Onnismaa", "Sulevi Peltola", "Antti Reini"], "rating": 71.223305}
811313: {"name": "Neviňátka", "duration":117, "dateCreated": 2021, "directors": ["Eskil Vogt"], "actors": ["Rakel Lenora Fløttum", "Alva Brynsmo Ramstad", "Sam Ashraf", "Mina Yasmin Bremseth Asheim", "Morten Svartveit", "Lisa Tønne", "Irina Eidsvold Tøien", "Marius Kolbenstvedt", "Kim Atle Hansen", "Ellen Dorrit Petersen"], "rating": 66.15534}
261965: {"name": "Zakázané ovoce", "duration":104, "dateCreated": 2009, "directors": ["Dome Karukoski"], "actors": ["Marjut Maristo", "Amanda Pilke", "Malla Malmivaara", "Joel Mäkinen", "Jarkko Niemi", "Olavi Uusivirta", "Timo Tikka", "Jani Volanen", "Teemu Ojanne", "Heikki Nousiainen"], "rating": 70.71869}
655174: {"name": "Psi nenosí kalhoty", "duration":105, "dateCreated": 2019, "directors": ["Jukka-Pekka Valkeapää"], "actors": ["Pekka Strang", "Krista Kosonen", "Ilona Huhta", "Oona Airola", "Ester Geislerová", "Iiris Anttila", "Viivi Ihalainen", "Sofia Kaipainen", "Jani Volanen", "Armands Bergis"], "rating": 71.558304}
154276: {"name": "Zimní válka", "duration":195, "dateCreated": 1989, "directors": ["Pekka Parikka"], "actors": ["Taneli Mäkelä", "Vesa Vierikko", "Timo Torikka", "Heikki Paavilainen", "Antti Raivio", "Esko Kovero", "Markku Huhtamo", "Martti Suosalo", "Matti Onnismaa", "Konsta Mäkelä"], "rating": 79.84305}
341532: {"name": "Láska, soudruhu", "duration":101, "dateCreated": 2013, "directors": ["Taru Mäkelä"], "actors": ["Kati Outinen", "Miroslav Etzler", "Elena Leeve", "Kryštof Hádek", "Esko Salminen", "Laura Birn", "Vesa Vierikko", "Tommi Korpela", "Denny Ratajský", "Petr Stach"], "rating": 55.33869}
5034: {"name": "Mraky odtáhly", "duration":96, "dateCreated": 1996, "directors": ["Aki Kaurismäki"], "actors": ["Kati Outinen", "Kari Väänänen", "Elina Salo", "Sakari Kuosmanen", "Matti Onnismaa", "Markku Peltola", "Markus Allan", "Paul Granfelt", "Kari Lindqvist", "Tommi Parkkonen"], "rating": 81.20567}
5048: {"name": "Stíny v ráji", "duration":76, "dateCreated": 1986, "directors": ["Aki Kaurismäki"], "actors": ["Matti Pellonpää", "Kati Outinen", "Sakari Kuosmanen", "Esko Nikkari", "Kylli Köngäs", "Pekka Laiho", "Jukka-Pekka Palo", "Svante Korkiakoski", "Safka Pekkonen", "Mari Rantasila"], "rating": 79.45098}
5033: {"name": "Juha", "duration":78, "dateCreated": 1999, "directors": ["Aki Kaurismäki"], "actors": ["Sakari Kuosmanen", "Kati Outinen", "André Wilms", "Markku Peltola", "Elina Salo", "Ona Kamu", "Outi Mäenpää", "Tuire Tuomisto", "Tatiana Soloviova", "Esko Nikkari"], "rating": 77.40642}
254811: {"name": "Patrik - věk 1,5", "duration":100, "dateCreated": 2008, "directors": ["Ella Lemhagen"], "actors": ["Gustaf Skarsgård", "Torkel Petersson", "Tom Ljungman", "Amanda Davin", "Annika Hallin", "Jacob Ericksson", "Anette Sevreus", "Mats Blomgren", "Malin Cederblad", "Antti Reini"], "rating": 74.666664}
229381: {"name": "Věčný bojovník", "duration":100, "dateCreated": 2006, "directors": ["Antti-Jussi Annila"], "actors": ["Tommi Eronen", "Markku Peltola", "Ťing-čchu Čang", "Krista Kosonen", "Haoyu Dang", "Elle Kull", "Liansheng Tong", "Xiaomei Tong", "Qiupu Tao", "Pirkko Hämäläinen"], "rating": 57.17647}
239254: {"name": "Rok vlka", "duration":95, "dateCreated": 2007, "directors": ["Olli Saarela"], "actors": ["Krista Kosonen", "Kari Heiskanen", "Johanna af Schultén", "Kai Vaine", "Ville Virtanen", "Katariina Kaitue", "Kristiina Halttu", "Jukka Puotila", "Anne-Mari Alaspää", "Aksa Korttila"], "rating": 72.17911}
5059: {"name": "Jak se neztratit v L.A.", "duration":107, "dateCreated": 1998, "directors": ["Mika Kaurismäki"], "actors": ["David Tennant", "Vinessa Shaw", "Vincent Gallo", "Julie Delpy", "Saskia Reeves", "Margi Clarke", "Monte Hellman", "Jean-Pierre Kalfon", "Lisa Edelstein", "Joe Dallesandro"], "rating": 60.57315}
247569: {"name": "Rozkaz", "duration":115, "dateCreated": 2008, "directors": ["Aku Louhimies"], "actors": ["Samuli Vauramo", "Pihla Viitala", "Eero Aho", "Eemeli Louhimies", "Miina Maasola", "Riina Maidre", "Sulevi Peltola", "Oskar Pöysti", "Mikko Kouki", "Janne Virtanen"], "rating": 73.38608}
434201: {"name": "Nejšťastnější den v životě Olliho Mäkiho", "duration":92, "dateCreated": 2016, "directors": ["Juho Kuosmanen"], "actors": ["Jarkko Lahti", "Oona Airola", "Eero Milonoff", "Joanna Haartti", "Esko Barquero", "Elma Milonoff", "Leimu Leisti", "Hilma Milonoff", "Olli Rahkonen", "Joonas Saartamo"], "rating": 69.21536}
5029: {"name": "Ariel", "duration":73, "dateCreated": 1988, "directors": ["Aki Kaurismäki"], "actors": ["Turo Pajala", "Susanna Haavisto", "Matti Pellonpää", "Eetu Hilkamo", "Erkki Pajala", "Matti Jaaranen", "Hannu Viholainen", "Jorma Markkula", "Tarja Keinänen", "Eino Kuusela"], "rating": 79.731544}
183188: {"name": "Moje matka", "duration":111, "dateCreated": 2005, "directors": ["Klaus Härö"], "actors": ["Topi Majaniemi", "Marjaana Maijala", "Maria Lundqvist", "Michael Nyqvist", "Esko Salminen", "Aino-Maija Tikkanen", "Kari-Pekka Toivonen", "Brasse Brännström", "Ia Langhammer", "Penny Elvira Loftéen"], "rating": 82.71186}
312122: {"name": "Odhalený přístav", "duration":123, "dateCreated": 2012, "directors": ["Aku Louhimies"], "actors": ["Alma Pöysti", "Aino Louhimies", "Sean Pertwee", "Deogracias Masomi", "Laura Birn", "Konsta Mäkelä", "Amanda Pilke", "Taneli Mäkelä", "Jasper Pääkkönen", "Eemeli Louhimies"], "rating": 73.587524}
484515: {"name": "Tom of Finland", "duration":115, "dateCreated": 2017, "directors": ["Dome Karukoski"], "actors": ["Pekka Strang", "Jakob Oftebro", "Werner Daehn", "Þorsteinn Bachmann", "Jessica Grabowsky", "Jimmy Shaw", "Lauri Tilkanen", "Kari Hietalahti", "Meri Nenonen", "Siim Maaten"], "rating": 65.747574}
5040: {"name": "Zločin a trest", "duration":91, "dateCreated": 1983, "directors": ["Aki Kaurismäki"], "actors": ["Markku Toikka", "Aino Seppo", "Esko Nikkari", "Hannu Lauri", "Olli Tuominen", "Matti Pellonpää", "Kari Sorvali", "Pentti Auer", "Asmo Hurula", "Risto Aaltonen"], "rating": 71.34694}
233364: {"name": "Nový život", "duration":101, "dateCreated": 2007, "directors": ["Klaus Härö"], "actors": ["Lo Kauppi", "Ellen Jelinek", "Ann-Sofie Nurmi", "Nadja Mirmiran", "Tobias Aspelin", "Linda Kulle", "Monica Edwardson", "Happy Jankell", "Anna Littorin", "Bengt C.W. Carlsson"], "rating": 76.516396}
811642: {"name": "Víkend na chatě", "duration":118, "dateCreated": 2020, "directors": ["Jenni Toivoniemi"], "actors": ["Emmi Parviainen", "Laura Birn", "Christian Hillborg", "Eero Milonoff", "Paula Vesala", "Iida-Maria Heinonen", "Samuli Niittymäki", "Paavo Kinnunen"], "rating": 70.333336}
304462: {"name": "Ejzenštejn v Guanajuatu", "duration":105, "dateCreated": 2015, "directors": ["Peter Greenaway"], "actors": ["Elmer Bäck", "Stelio Savante", "Lisa Owen", "Maya Zapata", "Luis Alberti", "Rasmus Slätis", "Jakob Öhrman", "Leo Idman", "Mika Ainola", "Timo Jaatinen"], "rating": 68.540306}
561157: {"name": "Cesta časem", "duration":87, "dateCreated": 2017, "directors": ["Max Kestner"], "actors": ["Carsten Bjørnlund", "Sofia Helin", "Marijana Jankovic", "Stina Ekblad", "Joseph Mawle", "Dragomir Mrsic", "Annika Wedderkopp", "Thomas Hwan", "Baard Owe", "Emilia Imperatore Bjørnvad"], "rating": 60.04762}
129937: {"name": "Automat na lásku", "duration":111, "dateCreated": 2000, "directors": ["Aku Louhimies"], "actors": ["Mikko Nousiainen", "Laura Malmivaara", "Irina Björklund", "Petteri Summanen", "Matleena Kuusniemi", "Valtteri Roiha", "Samuli Edelmann", "Vilma Melasniemi", "Eija Nousiainen", "Jaana Järvinen"], "rating": 64.7482}
5031: {"name": "Hamlet podniká", "duration":86, "dateCreated": 1987, "directors": ["Aki Kaurismäki"], "actors": ["Pirkka-Pekka Petelius", "Esko Salminen", "Kati Outinen", "Elina Salo", "Esko Nikkari", "Kari Väänänen", "Puntti Valtonen", "Mari Rantasila", "Turo Pajala", "Aake Kalliala"], "rating": 74.85437}
238973: {"name": "Černý led", "duration":110, "dateCreated": 2007, "directors": ["Petri Kotwica"], "actors": ["Outi Mäenpää", "Ria Kataja", "Martti Suosalo", "Ville Virtanen", "Sara Paavolainen", "Netta Heikkilä", "Väinö Heiskanen", "Philipp Danne", "Matti Laine", "Emilia Sinisalo"], "rating": 74.74452}
245206: {"name": "Tali-Ihantala 1944", "duration":117, "dateCreated": 2007, "directors": ["Åke Lindman", "Sakari Kirjavainen"], "actors": ["Rauno Ahonen", "Mikkomarkus Ahtiainen", "Frank Biermann", "Jussi Brech", "Mikko Bredenberg", "Riko Eklundh", "Marc Gassot", "Marcus Groth", "Johan Hallström", "Kari Hevossaari"], "rating": 69.43489}
50586: {"name": "Královna Kristýna", "duration":106, "dateCreated": 2015, "directors": ["Mika Kaurismäki"], "actors": ["Malin Buska", "Sarah Gadon", "Michael Nyqvist", "Lucas Bryant", "Laura Birn", "Hippolyte Girardot", "Peter Lohmeyer", "François Arnaud", "Patrick Bauchau", "Ville Virtanen"], "rating": 55.665024}
1037175: {"name": "Kupé č. 6", "duration":107, "dateCreated": 2021, "directors": ["Juho Kuosmanen"], "actors": ["Seidi Haarla", "Jurij Borisov", "Julija Aug", "Dinara Drukarova", "Tomi Alatalo", "Viktor Čuprov", "Denis Pjanov", "Polina Aug", "Natalja Drozd"], "rating": 72.69136}
409154: {"name": "Šermíř", "duration":99, "dateCreated": 2015, "directors": ["Klaus Härö"], "actors": ["Märt Avandi", "Ursula Ratasepp", "Hendrik Toompere", "Liisa Koppel", "Joonas Koff", "Egert Kadatsu", "Ann-Lisett Rebane", "Elbe Reiter", "Jaak Prints", "Kirill Käro"], "rating": 70.85859}
482874: {"name": "Zákon ledové země", "duration":90, "dateCreated": 2017, "directors": ["Jussi Hiltunen"], "actors": ["Ville Virtanen", "Antti Holma", "Mikko Neuvonen", "Jørgen Langhelle", "Outi Mäenpää", "Pernilla August", "Malin Buska", "Trond Halbo", "Kristoffer Isaksen", "Erik Smith Meyer"], "rating": 46.80307}
291771: {"name": "Na druhé straně", "duration":99, "dateCreated": 2010, "directors": ["Pernilla August"], "actors": ["Noomi Rapace", "Ola Rapace", "Outi Mäenpää", "Ville Virtanen", "Tehilla Blad", "Junior Blad", "Alpha Blad", "Selma Cuba", "Minna Haapkylä", "Håkan Bengtsson"], "rating": 72.45478}
278667: {"name": "Sebbe", "duration":80, "dateCreated": 2010, "directors": ["Babak Najafi"], "actors": ["Sebastian Hiort af Ornäs", "Eva Melander", "Kenny Wåhlbrink", "Miran Kamala", "Martin Wallström", "Sebastian Sporsén", "Emil Kadeby", "Adrian Ringman", "Leo Salomon Ringart", "Åsa Bodin Karlsson"], "rating": 70.10471}
287019: {"name": "Laponská odysea", "duration":96, "dateCreated": 2010, "directors": ["Dome Karukoski"], "actors": ["Pamela Tola", "Jussi Vatanen", "Jasper Pääkkönen", "Timo Lavikainen", "Konsta Mäkelä", "Sinikka Mokkila", "Erkki Hetta", "Asko Sahlman", "Kari Ketonen", "Miia Nuutila"], "rating": 71.52815}
518213: {"name": "Arytmie", "duration":116, "dateCreated": 2017, "directors": ["Boris Chlebnikov"], "actors": ["Alexandr Jacenko", "Irina Gorbačjova", "Nikolaj Šrajber", "Anna Ukolova", "Anna Kotova-Děrjabina", "Vladimir Kapustin", "Maxim Lagaškin", "Alexandr Samojlenko", "Sergej Udovik", "Sergej Nasedkin"], "rating": 74.31635}
67187: {"name": "Kluci", "duration":102, "dateCreated": 2015, "directors": ["Alexandra-Therese Keining"], "actors": ["Tuva Jagell", "Emrik Öhlander", "Louise Nyvall", "Alexander Gustavsson", "Wilma Holmén", "Vilgot Ostwald Vesterlund", "Mandus Berg", "Adam Dahlgren", "Filip Vester", "Josefin Neldén"], "rating": 62.168022}
328280: {"name": "8-Ball", "duration":107, "dateCreated": 2013, "directors": ["Aku Louhimies"], "actors": ["Jessica Grabowsky", "Eero Aho", "Pirkka-Pekka Petelius", "Mikko Leppilampi", "Jakob Öhrman", "Cecilia McMillan", "Rosa Salomaa", "Manna", "Max Ovaska", "Mikko Kouki"], "rating": 71.60763}
320606: {"name": "Call Girl", "duration":140, "dateCreated": 2012, "directors": ["Mikael Marcimain"], "actors": ["Sofia Karemyr", "Simon J. Berger", "Josefin Asplund", "Pernilla August", "Anders Beckman", "Sven Nordin", "David Dencik", "Hanna Ullerstam", "Sverrir Gudnason", "Maria Alm Norell"], "rating": 66.685555}
289362: {"name": "Parkování", "duration":90, "dateCreated": 2010, "directors": ["Darragh Byrne"], "actors": ["Colm Meaney", "Colin Morgan", "Milka Ahlroth", "David Wilmot", "Diarmuid Noyes", "Conor MacNeill", "Michael McElhatton", "Matti Ijäs", "Stuart Graham", "Andy Kellegher"], "rating": 77.51678}
9207: {"name": "Nevěra", "duration":148, "dateCreated": 2000, "directors": ["Liv Ullmann"], "actors": ["Lena Endre", "Erland Josephson", "Krister Henriksson", "Philip Zandén", "Marie Richardson", "Stina Ekblad", "Johan Rabaeus", "Björn Granath", "Thomas Hanzon", "Jan-Olof Strandberg"], "rating": 75.30612}
251490: {"name": "Věčné okamžiky Marie Larssonové", "duration":131, "dateCreated": 2008, "directors": ["Jan Troell"], "actors": ["Maria Heiskanen", "Mikael Persbrandt", "Jesper Christensen", "Ghita Nørby", "Amanda Ooms", "Ann Petrén", "Antti Reini", "Maria Lundqvist", "Rune Bergman", "Hans Alfredson"], "rating": 74.08451}
651839: {"name": "Autor neznámý", "duration":95, "dateCreated": 2018, "directors": ["Klaus Härö"], "actors": ["Heikki Nousiainen", "Pirjo Lonka", "Amos Brotherus", "Stefan Sauk", "Pertti Sveholm", "Eero Ritala", "Jakob Öhrman", "Juha Pihanen", "Juuso Kuusisto", "Mika Sirén"], "rating": 75.21429}
811637: {"name": "Tove", "duration":116, "dateCreated": 2020, "directors": ["Zaida Bergroth"], "actors": ["Alma Pöysti", "Krista Kosonen", "Shanti Roney", "Eeva Putro", "Joanna Haartti", "Kajsa Ernst", "Robert Enckell", "Jakob Öhrman", "Wilhelm Enckell", "Liisi Tandefelt"], "rating": 67.31183}
261040: {"name": "Dům košaté lásky", "duration":102, "dateCreated": 2009, "directors": ["Mika Kaurismäki"], "actors": ["Hannu-Pekka Björkman", "Elina Knihtilä", "Kati Outinen", "Antti Reini", "Tommi Eronen", "Irina Björklund", "Maria Järvenhelmi", "Kari Väänänen", "Anna Easteden", "Ilkka Villi"], "rating": 63.956833}
1050178: {"name": "Slepý muž, který neviděl Titanic", "duration":82, "dateCreated": 2021, "directors": ["Teemu Nikki"], "actors": ["Petri Poikolainen", "Marjaana Maijala", "Hannamaija Nikander", "Samuli Jaskio", "Rami Rusinen", "Matti Onnismaa"], "rating": 71.111115}
155929: {"name": "Jungle Jack 2", "duration":72, "dateCreated": 1996, "directors": ["Flemming Quist Møller", "Jørgen Lerdam", "Stefan Fjeldmark"], "actors": ["Kaya Brüel", "Ole Fick", "Flemming Quist Møller", "Søs Egelind", "Helle Ryslinge", "Rick Jones", "Ditte Gråbøl", "Mark Camacho", "Terrence Scammell", "Jesper Klein"], "rating": 55.01859}
541583: {"name": "Uspávač", "duration":85, "dateCreated": 2017, "directors": ["Teemu Nikki"], "actors": ["Matti Onnismaa", "Alina Tomnikov", "Santtu Karvonen", "Jari Virman", "Heikki Nousiainen", "Ilari Johansson", "Pihla Penttinen", "Hannamaija Nikander", "Jouko Puolanto"], "rating": 65.35316}
831112: {"name": "Sbohem, Sovětský svaze", "duration":91, "dateCreated": 2020, "directors": ["Lauri Randla"], "actors": ["Niklas Kouzmitchev", "Nika Savolainen", "Ülle Kaljuste", "Tõnu Oja", "Pääru Oja", "Jekatěrina Novosjolova", "Elene Baratashvili", "Dima Bespalov", "Anne Reemann", "Piret Krumm"], "rating": 60.669144}
251418: {"name": "Lieksa!", "duration":90, "dateCreated": 2007, "directors": ["Markku Pölönen"], "actors": ["Sanna-Kaisa Palo", "Peter Franzén", "Jenni Banerjee", "Samuli Vauramo", "Puntti Valtonen", "Tatu Siivonen", "Tuomas Uusitalo", "Toni Wahlström", "Lotta Lehtikari", "Elina Knihtilä"], "rating": 67.938934}
209347: {"name": "Láska je láska", "duration":99, "dateCreated": 2004, "directors": ["Minna Virtanen"], "actors": ["Mi Grönlund", "Nicke Lignell", "Jasper Pääkkönen", "Amira Khalifa", "Hanna Kinnunen", "Saija Lentonen", "Jukka Puotila", "Miska Kaukonen", "Mika Räinä", "Edvard Lammervo"], "rating": 51.076923}
243327: {"name": "Pokušení svatého Toníka", "duration":115, "dateCreated": 2009, "directors": ["Veiko Õunpuu"], "actors": ["Taavi Eelmaa", "Ravšana Kurkova", "Denis Lavant", "Rain Tolk", "Andres Puustusmaa", "Katariina Unt", "Evald Aavik", "Hannes Kaljujärv", "Raivo E. Tamm", "Juhan Ulfsak"], "rating": 73.64341}
314747: {"name": "Cesta na sever", "duration":110, "dateCreated": 2012, "directors": ["Mika Kaurismäki"], "actors": ["Vesa-Matti Loiri", "Samuli Edelmann", "Leena Uotila", "Eija Vilpas", "Pertti Sveholm", "Irina Pulkka", "Krista Kosonen", "Mari Perankoski", "Peter Franzén", "Eeva Litmanen"], "rating": 70.37037}
362557: {"name": "Porodní bába", "duration":119, "dateCreated": 2015, "directors": ["Antti J. Jokinen"], "actors": ["Krista Kosonen", "Lauri Tilkanen", "Pirkka-Pekka Petelius", "Tommi Korpela", "Leea Klemola", "Seppo Pääkkönen", "Johannes Brotherus", "Elina Knihtilä", "Tiina Weckström", "Jade Viljamaa"], "rating": 60.833332}
501333: {"name": "Nekonečná cesta", "duration":103, "dateCreated": 2017, "directors": ["Antti-Jussi Annila"], "actors": ["Tommi Korpela", "Sidse Babett Knudsen", "Irina Björklund", "Hannu-Pekka Björkman", "Ville Virtanen", "Amalia Holm", "Lembit Ulfsak", "Jonna Järnefelt", "Helén Söderqvist Henriksson", "Jari Virman"], "rating": 72.82511}
273161: {"name": "Špatná rodina", "duration":92, "dateCreated": 2010, "directors": ["Aleksi Salmenperä"], "actors": ["Ville Virtanen", "Lauri Tilkanen", "Pihla Viitala", "Vera Kiiskinen", "Niki Seppälä", "Ismo Kallio", "Tomi Salmela", "Minna Suuronen", "Reino Nordin", "Sara Paavolainen"], "rating": 67.66355}
221842: {"name": "Za nepřátelskou linií", "duration":125, "dateCreated": 2004, "directors": ["Åke Lindman"], "actors": ["Tobias Zilliacus", "Ilkka Heiskanen", "Christoffer Westerlund", "Kim Gustafsson", "Martin Bahne", "Carl-Gustaf Wentzel", "Jan-Christian Söderholm", "Sampo Sarkola", "Johan Rönneholm", "Joachim Thibblin"], "rating": 71.747574}
294373: {"name": "Hodný syn", "duration":87, "dateCreated": 2011, "directors": ["Zaida Bergroth"], "actors": ["Samuli Niittymäki", "Elina Knihtilä", "Eero Aho", "Anna Paavilainen", "Eetu Julin", "Kaisa Hela", "Sanna-Kaisa Palo", "Pekka Valkeejärvi", "Simo Tamminen", "Antti Raivio"], "rating": 61.650486}
1126517: {"name": "Holčičí film", "duration":100, "dateCreated": 2022, "directors": ["Alli Haapasalo"], "actors": ["Aamu Milonoff", "Linnea Leino", "Eleonoora Kauhanen", "Oona Airola", "Mikko Kauppila", "Elias Westerberg", "Amos Brotherus", "Bruno Baer", "Jannina Puumalainen", "Pietu Wikström"], "rating": 61.27451}
43187: {"name": "Honey Baby", "duration":103, "dateCreated": 2004, "directors": ["Mika Kaurismäki"], "actors": ["Henry Thomas", "Irina Björklund", "Helmut Berger", "Kari Väänänen", "Bela B. Felsenheimer", "Kai Wiesinger", "Peter Franzén", "Mika Kaurismäki", "Maria Kaurismäki", "Eike Goreczka"], "rating": 67.1066}
107908: {"name": "Elina", "duration":77, "dateCreated": 2002, "directors": ["Klaus Härö"], "actors": ["Natalie Minnevik", "Bibi Andersson", "Marjaana Maijala", "Henrik Rafaelsen", "Björn Granath", "Jarl Lindblad", "Sara Arnia", "Tind Soneby"], "rating": 79.79275}
35806: {"name": "Rukajärven tie", "duration":123, "dateCreated": 1999, "directors": ["Olli Saarela"], "actors": ["Peter Franzén", "Irina Björklund", "Kari Heiskanen", "Taisto Reimaluoto", "Kari Väänänen", "Tommi Eronen", "Pekka Heikkinen", "Pekka Huotari", "Tero Jartti", "Rauno Juvonen"], "rating": 71.41361}
312363: {"name": "Syvälle salattu", "duration":105, "dateCreated": 2011, "directors": ["Joona Tena"], "actors": ["Krista Kosonen", "Peter Franzén", "Kai Lehtinen", "Viljami Nojonen", "Risto Aaltonen", "Kari Hietalahti", "Ilkka Villi", "Katriina Hyvärinen", "Pentti Korhonen", "Panu Vauhkonen"], "rating": 50.106384}
5068: {"name": "Zombie a vlak duchů", "duration":88, "dateCreated": 1991, "directors": ["Mika Kaurismäki"], "actors": ["Silu Seppälä", "Marjo Leinonen", "Matti Pellonpää", "Vieno Saaristo", "Juhani Niemelä", "Kauko Laurikainen", "Sakari Järvenpää", "Mato Valtonen", "Mauri Sumén", "Jyri Närvänen"], "rating": 72.666664}
184621: {"name": "Visions of Europe", "duration":139, "dateCreated": 2004, "directors": ["Laila Pakalniņa", "Miguel Hermoso", "Constantine Giannaris"], "actors": ["Idil Üner", "Tara Elders", "Jānis Nords", "Rona Hartner", "Markus Hering", "Marco Lorenzini", "Julija Steponaityte", "Christian Kmiotek", "Margita Huťťová", "Barbara Horváthová"], "rating": 67.209305}
243465: {"name": "Byl jsem tady", "duration":89, "dateCreated": 2008, "directors": ["René Vilbre"], "actors": ["Rasmus Kaljujärv", "Doris Tislar", "Marilyn Jurman", "Hele Kõre-Kõrve", "Tambet Tuisk", "Margus Prangel", "Johannes Naan", "Nikolai Bentsler", "Märt Avandi", "Jaan Rekkor"], "rating": 69.47369}
33732: {"name": "Chlapci od svatého Petra", "duration":111, "dateCreated": 1991, "directors": ["Søren Kragh-Jacobsen"], "actors": ["Tomas Villum Jensen", "Morten Buch Jørgensen", "Bent Mejding", "Helle Merete Sørensen", "Nikolaj Lie Kaas", "Christian Grønvall", "Karl Miller Bille", "Joachim Knop", "Xenia Lach-Nielsen", "Philip Zandén"], "rating": 62.275448}
312581: {"name": "Planeta šneků", "duration":88, "dateCreated": 2011, "directors": ["Seung-jun Yi"], "actors": [], "rating": 79.756096}
651661: {"name": "Nech mě padnout", "duration":136, "dateCreated": 2018, "directors": ["Baldvin Zophoníasson"], "actors": ["Elín Sif Halldórsdóttir", "Eyrún Björk Jakobsdóttir", "Kristín Þóra Haraldsdóttir", "Sólveig Arnarsdóttir", "Þorsteinn Bachmann", "Laufey Elíasdóttir", "Atli Óskar Fjalarsson", "Sveinn Ólafur Gunnarsson", "Halldór Halldórsson", "Lára Jóhanna Jónsdóttir"], "rating": 80.754715}
302711: {"name": "Princezna", "duration":100, "dateCreated": 2010, "directors": ["Arto Halonen"], "actors": ["Katja Küttner", "Samuli Edelmann", "Krista Kosonen", "Peter Franzén", "Pirkka-Pekka Petelius", "Paavo Westerberg", "Antti Litja", "Irma Junnilainen", "Paula Vesala", "Joanna Haartti"], "rating": 65.64103}
278287: {"name": "Rozumné řešení", "duration":98, "dateCreated": 2009, "directors": ["Jörgen Bergmark"], "actors": ["Rolf Lassgård", "Pernilla August", "Stina Ekblad", "Claes Ljungmark", "Magnus Roosmann", "Anki Lidén", "Magnus Eriksson", "Johan Storgård", "Anna Godenius", "Peter Öberg"], "rating": 69.29032}
342569: {"name": "Italský klíč", "duration":95, "dateCreated": 2011, "directors": ["Rosa Karo"], "actors": ["Gwendolyn Anslow", "Joana Cartocci", "Leo Vertunni", "Mikko Leppilampi", "Moose Ali Khan", "John Shea", "Peter O. Almond", "Andreas Wilson", "Elisa Cartocci", "Isadora Cartocci"], "rating": 51.42857}
272483: {"name": "Vlk", "duration":91, "dateCreated": 2008, "directors": ["Daniel Alfredson"], "actors": ["Peter Stormare", "Anitta Suikkari", "Ingar Helge Gimle", "Annika Nordin", "Åke Arvidsson", "Svante Martin", "Marie Delleskog", "Bo Samuelson", "Sven Henriksen", "Nils-Josef Labba"], "rating": 65.09804}
239313: {"name": "Práce pro chlapa", "duration":97, "dateCreated": 2007, "directors": ["Aleksi Salmenperä"], "actors": ["Tommi Korpela", "Maria Heiskanen", "Jani Volanen", "Stan Saanila", "Konsta Pylkkönen", "Noora Dadu", "Joanna Haartti", "Kaarina Hazard", "Vilma Juutilainen", "Helmi Kaartinen"], "rating": 67.86667}
240654: {"name": "Raja 1918", "duration":114, "dateCreated": 2007, "directors": ["Lauri Törhönen"], "actors": ["Martin Bahne", "Minna Haapkylä", "Tommi Korpela", "Leonid Mozgovoj", "Hannu-Pekka Björkman", "Lauri Nurkse", "Risto Kaskilahti", "Orvo Björninen", "Pauli Poranen", "Roman Schatz"], "rating": 75.2}
318597: {"name": "Na slaměné cestě", "duration":95, "dateCreated": 2012, "directors": ["Rodrigo Areias"], "actors": ["Vítor Correia", "Nuno Melo", "Aslak Pieski", "Adelaide Teixeira", "Alheli Guerrero", "Ivo Bastos"], "rating": 34.657536}
198983: {"name": "Bílý sob", "duration":74, "dateCreated": 1952, "directors": ["Erik Blomberg"], "actors": ["Mirjami Kuosmanen", "Kalervo Nissilä", "Åke Lindman", "Jouni Tapiola", "Arvo Lehesmaa", "Tyyne Haarla", "Kauko Laurikainen", "Pentti Irjala", "Evald Terho", "Heimo Lepistö"], "rating": 67.246376}
35808: {"name": "Neznámý voják", "duration":195, "dateCreated": 1985, "directors": ["Rauni Mollberg"], "actors": ["Risto Tuorila", "Pirkka-Pekka Petelius", "Paavo Liski", "Mika Mäkelä", "Tero Niva", "Pertti Koivula", "Ossi-Ensio Korvuo", "Mikko Niskanen", "Hannu Kivioja", "Pauli Poranen"], "rating": 77.51938}
5067: {"name": "Lhář", "duration":53, "dateCreated": 1981, "directors": ["Mika Kaurismäki"], "actors": ["Aki Kaurismäki", "Pirkko Hämäläinen", "Juuso Hirvikangas", "Lars Lindberg", "Esa Sirkkunen", "Jukka Järvelä", "Marja Heiskanen", "Matti Pellonpää", "Mikko Mattila", "Taina Nyström"], "rating": 74.80315}
201920: {"name": "Výrobna dospělých", "duration":102, "dateCreated": 2004, "directors": ["Aleksi Salmenperä"], "actors": ["Minna Haapkylä", "Kari-Pekka Toivonen", "Minttu Mustakallio", "Tommi Eronen", "Pekka Strang", "Dick Idman", "Antti Raivio", "Saara Pakkasvirta", "Meri Nenonen", "Juha Kukkonen"], "rating": 67.40157}
548755: {"name": "Chvíle v rákosí", "duration":108, "dateCreated": 2017, "directors": ["Mikko Mäkelä"], "actors": ["Janne Puustinen", "Mika Melender", "Virpi Rautsiala", "Boodi Kabbani"], "rating": 73.22835}
5051: {"name": "Vyvrhelové", "duration":119, "dateCreated": 1982, "directors": ["Mika Kaurismäki"], "actors": ["Matti Pellonpää", "Pirkko Hämäläinen", "Juuso Hirvikangas", "Esko Nikkari", "Jorma Markkula", "Asmo Hurula", "Ari Piispa", "Aki Kaurismäki", "Aino Seppo", "Veikko Aaltonen"], "rating": 77.72358}
261039: {"name": "My tři králové", "duration":98, "dateCreated": 2008, "directors": ["Mika Kaurismäki"], "actors": ["Kari Heiskanen", "Pertti Sveholm", "Timo Torikka", "Irina Björklund", "Tommi Eronen", "Elena Spirina", "Pirkko Hämäläinen", "Riitta Havukainen", "Aake Kalliala", "Peter Franzén"], "rating": 68.61789}
41649: {"name": "Nedělňátka", "duration":121, "dateCreated": 1992, "directors": ["Daniel Bergman"], "actors": ["Thommy Berggren", "Henrik Linnros", "Lena Endre", "Marie Richardson", "Birgitta Valberg", "Börje Ahlstedt", "Bertil Norström", "Irma Christenson", "Suzanne Ernrup", "Melinda Kinnaman"], "rating": 68.76033}
429735: {"name": "Sibiřský deník", "duration":120, "dateCreated": 2016, "directors": ["Viesturs Kairišs"], "actors": ["Sabine Timoteo", "Baiba Broka", "Outi Kärpänen", "Erwin Leder", "Viktor Němec", "Ivars Krasts", "Maija Doveika", "Ģirts Krūmiņš", "Kirill Zajcev", "Lilita Ozoliņa"], "rating": 70.90909}
770451: {"name": "Helene", "duration":122, "dateCreated": 2020, "directors": ["Antti J. Jokinen"], "actors": ["Laura Birn", "Johannes Holopainen", "Pirkko Saisio", "Krista Kosonen", "Eero Aho", "Jarkko Lahti", "Saana Koivisto", "Jan Korander", "Petteri Pennilä", "Valentina Kalinina"], "rating": 62.644627}
129793: {"name": "Kuutamolla", "duration":113, "dateCreated": 2002, "directors": ["Aku Louhimies"], "actors": ["Minna Haapkylä", "Anna-Leena Härkönen", "Laura Malmivaara", "Peter Franzén", "Matti Ristinen", "Mikko Kouki", "Pirkko Saisio", "Santeri Nuutinen", "Rasmus Nuutinen", "Valtteri Roiha"], "rating": 68.644066}
209349: {"name": "Matti", "duration":130, "dateCreated": 2006, "directors": ["Aleksi Mäkelä"], "actors": ["Jasper Pääkkönen", "Elina Hietala", "Juha Veijonen", "Peter Franzén", "Elina Knihtilä", "Kari Hietalahti", "Jope Ruonansuu", "Jani Volanen", "Jussi Lampi", "Toni Wahlström"], "rating": 74.5614}
299161: {"name": "Tenkrát na severu", "duration":124, "dateCreated": 2012, "directors": ["JP Siili"], "actors": ["Lauri Tilkanen", "Mikko Leppilampi", "Pamela Tola", "Aku Hirviniemi", "Eero Milonoff", "Esko Salminen", "Lena Meriläinen", "Taneli Mäkelä", "Olavi Uusivirta", "Pirkka-Pekka Petelius"], "rating": 49.473682}
331740: {"name": "Kerron sinulle kaiken", "duration":95, "dateCreated": 2013, "directors": ["Simo Halinen"], "actors": ["Leea Klemola", "Peter Franzén", "Ria Kataja", "Emmi Nivala", "Alex Anton", "Maria Heiskanen", "Laura Malmivaara", "Juhani Laitala", "Marika Parkkomäki", "Seppo Halttunen"], "rating": 68.64865}
649717: {"name": "Země nadějí", "duration":108, "dateCreated": 2018, "directors": ["Markku Pölönen"], "actors": ["Oona Airola", "Sanna-Kaisa Palo", "Hannu-Pekka Björkman", "Marjaana Maijala", "Antti Virmavirta", "Marja Packalén", "Konsta Laakso", "Mika Nuojua", "Arto Heikkilä", "Helmi Linnosmaa"], "rating": 67.15596}
379972: {"name": "Uprchlíci", "duration":102, "dateCreated": 2014, "directors": ["Jukka-Pekka Valkeapää"], "actors": ["Roosa Söderholm", "Teppo Manner", "Jari Pehkonen", "Sara Paavolainen", "Pelle Heikkilä", "Petteri Pennilä", "Ari Murto", "Jesse Vinnari", "Sam-Peter Jokinen", "Reijo Kontio"], "rating": 52.77778}
237404: {"name": "Zajícův rok", "duration":129, "dateCreated": 1977, "directors": ["Risto Jarva"], "actors": ["Antti Litja", "Kauko Helovirta", "Markku Huhtamo", "Paavo Hukkinen", "Juha Kandolin", "Kosti Klemelä", "Anna-Maija Kokkinen", "Martti Kuningas", "Ahti Kuoppala", "Hannele Lanu"], "rating": 80.56604}
1246061: {"name": "Čtyři malí dospělí", "duration":122, "dateCreated": 2023, "directors": ["Selma Vilhunen"], "actors": ["Alma Pöysti", "Eero Milonoff", "Oona Airola", "Pietu Wikström", "Vilhelm Blomgren", "Altamimi Wahab"], "rating": 75.09434}
37776: {"name": "Třicet dva krátkých filmů o Glennu Gouldovi", "duration":98, "dateCreated": 1993, "directors": ["François Girard"], "actors": ["Colm Feore", "Don McKellar", "Yehudi Menuhin", "Carlo Rota", "Gale Garnett", "Bruno Monsaingeon", "James Kidnie", "Michael Kopsa", "Guy Thauvette", "R.D. Reid"], "rating": 79.809525}
