301401: {"name": "Rivalové", "duration":123, "dateCreated": 2013, "directors": ["Ron Howard"], "actors": ["Chris Hemsworth", "Daniel Brühl", "Olivia Wilde", "Alexandra Maria Lara", "Pierfrancesco Favino", "David Calder", "Natalie Dormer", "Stephen Mangan", "Christian McKay", "Alistair Petrie"], "rating": 89.640816}
290326: {"name": "Atlas mraků", "duration":165, "dateCreated": 2012, "directors": ["Lana Wachowski", "Tom Tykwer", "Lilly Wachowski"], "actors": ["Tom Hanks", "Halle Berry", "Jim Broadbent", "Hugo Weaving", "Jim Sturgess", "Du-na Bae", "Ben Whishaw", "Keith David", "James D'Arcy", "Xun Zhou"], "rating": 77.95317}
368671: {"name": "Captain America: Občanská válka", "duration":147, "dateCreated": 2016, "directors": ["Anthony Russo", "Joe Russo"], "actors": ["Chris Evans", "Robert Downey Jr.", "Scarlett Johansson", "Sebastian Stan", "Anthony Mackie", "Don Cheadle", "Jeremy Renner", "Chadwick Boseman", "Paul Bettany", "Elizabeth Olsen"], "rating": 78.30021}
321916: {"name": "Grandhotel Budapešť", "duration":100, "dateCreated": 2014, "directors": ["Wes Anderson"], "actors": ["Ralph Fiennes", "F. Murray Abraham", "Mathieu Amalric", "Adrien Brody", "Willem Dafoe", "Jeff Goldblum", "Harvey Keitel", "Jude Law", "Bill Murray", "Edward Norton"], "rating": 80.28809}
279569: {"name": "Muži, kteří nenávidí ženy", "duration":158, "dateCreated": 2011, "directors": ["David Fincher"], "actors": ["Daniel Craig", "Rooney Mara", "Christopher Plummer", "Stellan Skarsgård", "Steven Berkoff", "Robin Wright", "Yorick van Wageningen", "Joely Richardson", "Geraldine James", "Goran Višnjič"], "rating": 78.93435}
256722: {"name": "Habermannův mlýn", "duration":104, "dateCreated": 2010, "directors": ["Juraj Herz"], "actors": ["Mark Waschke", "Karel Roden", "Ben Becker", "Hannah Herzsprung", "Radek Holub", "Wilson Gonzalez Ochsenknecht", "Zuzana Kronerová", "Jan Hrušínský", "Franziska Weisz", "Andrej Hryc"], "rating": 78.31709}
381251: {"name": "Most špiónů", "duration":142, "dateCreated": 2015, "directors": ["Steven Spielberg"], "actors": ["Mark Rylance", "Domenick Lombardozzi", "Victor Verhaeghe", "Brian Hutchison", "Tom Hanks", "Joshua Harto", "Henny Russell", "Alan Alda", "John Rue", "Billy Magnussen"], "rating": 79.19617}
288902: {"name": "Orel Eddie", "duration":106, "dateCreated": 2016, "directors": ["Dexter Fletcher"], "actors": ["Taron Egerton", "Hugh Jackman", "Jo Hartley", "Keith Allen", "Iris Berben", "Tim McInnerny", "Edvin Endre", "Mads Sjøgård Pettersen", "Marc Benjamin", "Rune Temte"], "rating": 80.69792}
331790: {"name": "Stoletý stařík, který vylezl z okna a zmizel", "duration":109, "dateCreated": 2013, "directors": ["Felix Herngren"], "actors": ["Robert Gustafsson", "Mia Skäringer", "Iwar Wiklander", "David Wiberg", "Jens Hultén", "David Shackleton", "Ralph Carlsson", "Georg Nikoloff", "Alan Ford", "Simon Säppenen"], "rating": 74.876076}
294372: {"name": "Lovci hlav", "duration":100, "dateCreated": 2011, "directors": ["Morten Tyldum"], "actors": ["Aksel Hennie", "Synnøve Macody Lund", "Nikolaj Coster-Waldau", "Eivind Sander", "Julie R. Ølgaard", "Kyrre Haugen Sydness", "Valentina Alexeeva", "Reidar Sørensen", "Nils Jørgen Kaalstad", "Joachim Rafaelsen"], "rating": 81.70894}
346598: {"name": "Zlodějka knih", "duration":131, "dateCreated": 2013, "directors": ["Brian Percival"], "actors": ["Sophie Nélisse", "Geoffrey Rush", "Emily Watson", "Nico Liersch", "Ben Schnetzer", "Joachim Paul Assböck", "Carina N. Wiese", "Kirsten Block", "Georg Tryphon", "Rafael Gareisen"], "rating": 77.76451}
339124: {"name": "S láskou, Rosie", "duration":102, "dateCreated": 2014, "directors": ["Christian Ditter"], "actors": ["Lily Collins", "Sam Claflin", "Tamsin Egerton", "Jaime Winstone", "Lily Laight", "Christian Cooke", "Nick Lee", "Suki Waterhouse", "Jamie Beamish", "Aris Athanasopoulos"], "rating": 76.514206}
390440: {"name": "Kolonie", "duration":110, "dateCreated": 2015, "directors": ["Florian Gallenberger"], "actors": ["Emma Watson", "Daniel Brühl", "Michael Nyqvist", "Richenda Carey", "Vicky Krieps", "Jeanne Werner", "Julian Ovenden", "Martin Wuttke", "August Zirner", "Nicolás Barsoff"], "rating": 78.62118}
345055: {"name": "Ranhojič", "duration":0, "dateCreated": 2013, "directors": ["Philipp Stölzl"], "actors": ["Tom Payne", "Stellan Skarsgård", "Olivier Martinez", "Emma Catherine Rigby", "Ben Kingsley", "Elyas M'Barek", "Fahri Yardim", "Makram Khoury", "Michael Marcus", "Ramin Yazdani"], "rating": 80.03324}
568177: {"name": "Složka 64", "duration":119, "dateCreated": 2018, "directors": ["Christoffer Boe"], "actors": ["Nikolaj Lie Kaas", "Fares Fares", "Johanne Louise Schmidt", "Søren Pilmark", "Fanny Leander Bornedal", "Clara Rosager", "Luise Skov", "Amanda Radeljak", "Anders Hove", "Nicolas Bro"], "rating": 81.35878}
360377: {"name": "Zabijáci", "duration":119, "dateCreated": 2014, "directors": ["Mikkel Nørgaard"], "actors": ["Nikolaj Lie Kaas", "Fares Fares", "Pilou Asbæk", "David Dencik", "Danica Curcic", "Sarah-Sofie Boussnina", "Johanne Louise Schmidt", "Marco Ilsø", "Beate Bille", "Peter Christoffersen"], "rating": 76.03723}
392090: {"name": "Snowden", "duration":134, "dateCreated": 2016, "directors": ["Oliver Stone"], "actors": ["Joseph Gordon-Levitt", "Shailene Woodley", "Melissa Leo", "Zachary Quinto", "Tom Wilkinson", "Logan Marshall-Green", "Scott Eastwood", "Nicolas Cage", "Timothy Olyphant", "Ben Schnetzer"], "rating": 75.19701}
61512: {"name": "Psí ostrov", "duration":101, "dateCreated": 2018, "directors": ["Wes Anderson"], "actors": ["Bryan Cranston", "Koyu Rankin", "Edward Norton", "Bill Murray", "Jeff Goldblum", "Scarlett Johansson", "F. Murray Abraham", "Tilda Swinton", "Bob Balaban", "Yoko Ono"], "rating": 77.72991}
295964: {"name": "Kon-Tiki", "duration":114, "dateCreated": 2012, "directors": ["Espen Sandberg", "Joachim Rønning"], "actors": ["Pål Sverre Hagen", "Anders Baasmo Christiansen", "Tobias Santelmann", "Gustaf Skarsgård", "Odd-Magnus Williamson", "Jakob Oftebro", "Agnes Kittelsen", "Peter Wight", "Amund Hellum Noraker", "Eilif Hellum Noraker"], "rating": 76.77924}
405784: {"name": "Brimstone", "duration":148, "dateCreated": 2016, "directors": ["Martin Koolhoven"], "actors": ["Dakota Fanning", "Guy Pearce", "Emilia Jones", "Kit Harington", "Ivy George", "Carice van Houten", "Jack Hollington", "Paul Anderson", "Jack Roth", "Carla Juri"], "rating": 80.55678}
59269: {"name": "Toni Erdmann", "duration":162, "dateCreated": 2016, "directors": ["Maren Ade"], "actors": ["Sandra Hüller", "Peter Simonischek", "Michael Wittenborn", "Thomas Loibl", "Trystan Pütter", "Ingrid Bisu", "Hadewych Minis", "Lucy Russell", "Victoria Cociaș-Șerban", "Alexandru Papadopol"], "rating": 74.96839}
388641: {"name": "Barva vítězství", "duration":134, "dateCreated": 2016, "directors": ["Stephen Hopkins"], "actors": ["Stephan James", "Jason Sudeikis", "Eli Goree", "Shanice Banton", "Carice van Houten", "Jeremy Irons", "William Hurt", "David Kross", "Jonathan Higgins", "Tony Curran"], "rating": 75.75784}
45771: {"name": "V písku - Příslib svobody", "duration":101, "dateCreated": 2015, "directors": ["Martin Zandvliet"], "actors": ["Roland Møller", "Louis Hofmann", "Joel Basman", "Mikkel Boe Følsgaard", "Laura Bro", "Zoe Zandvliet", "Mads Riisom", "Oskar Bökelmann", "Emil Belton", "Oskar Belton"], "rating": 82.93447}
257402: {"name": "Odsun", "duration":120, "dateCreated": 2010, "directors": ["Rose Bosch"], "actors": ["Jean Reno", "Mélanie Laurent", "Gad Elmaleh", "Raphaëlle Agogué", "Hugo Leverdez", "Oliver Cywie", "Sylvie Testud", "Anne Brochet", "Denis Ménochet", "Roland Copé"], "rating": 74.87218}
632016: {"name": "Balón", "duration":125, "dateCreated": 2018, "directors": ["Michael Herbig"], "actors": ["Friedrich Mücke", "Karoline Schuch", "David Kross", "Alicia von Rittberg", "Thomas Kretschmann", "Jonas Holdenrieder", "Tilman Döbler", "Christian Näthe", "Till Patz", "Ronald Kukulies"], "rating": 82.36443}
297496: {"name": "Kličko", "duration":110, "dateCreated": 2011, "directors": ["Sebastian Dehnhardt"], "actors": ["Lennox Lewis", "Vitali Klitschko", "Wladimir Klitschko", "Lamon Brewster"], "rating": 84.83442}
657386: {"name": "U Zlaté rukavice", "duration":110, "dateCreated": 2019, "directors": ["Fatih Akin"], "actors": ["Jonas Dassler", "Margarete Tiesel", "Katja Studt", "Marc Hosemann", "Martina Eitner-Acheampong", "Adam Bousdoukos", "Victoria Trauttmansdorff", "Uwe Rohde", "Greta Sophie Schmidt", "Hark Bohm"], "rating": 75.24236}
290921: {"name": "Láska", "duration":125, "dateCreated": 2012, "directors": ["Michael Haneke"], "actors": ["Jean-Louis Trintignant", "Emmanuelle Riva", "Isabelle Huppert", "William Shimell", "Ramón Agirre", "Rita Blanco", "Carole Franck", "Dinara Drukarova", "Alexandre Tharaud", "Laurent Capelluto"], "rating": 77.03287}
276325: {"name": "The Ledge", "duration":101, "dateCreated": 2011, "directors": ["Matthew Chapman"], "actors": ["Charlie Hunnam", "Terrence Howard", "Liv Tyler", "Patrick Wilson", "Christopher Gorham", "Thomas C. Daniel", "Don Lincoln", "Alyssa Tate", "Dean J. West", "Cindy Williamson"], "rating": 74.74157}
338470: {"name": "Běž, chlapče, běž", "duration":112, "dateCreated": 2013, "directors": ["Pepe Danquart"], "actors": ["Andrzej Tkacz", "Kamil Tkacz", "Elisabeth Duda", "Itay Tiran", "Łukasz Gajdzis", "Przemysław Sadowski", "Jeanette Hain", "Rainer Bock", "Grażyna Szapołowska", "Zbigniew Zamachowski"], "rating": 79.24653}
344847: {"name": "Cizí oběd", "duration":104, "dateCreated": 2013, "directors": ["Ritesh Batra"], "actors": ["Irrfan Khan", "Nimrat Kaur", "Nawazuddin Siddiqui", "Lillete Dubey", "Denzil Smith", "Raj Rishi More"], "rating": 76.42384}
387030: {"name": "Who am I - žádný systém není bezpečný", "duration":105, "dateCreated": 2014, "directors": ["Baran bo Odar"], "actors": ["Tom Schilling", "Elyas M'Barek", "Wotan Wilke Möhring", "Antoine Monot Jr.", "Trine Dyrholm", "Stephan Kampwirth", "Hannah Herzsprung", "Tijan Marei", "Leopold Hornung", "Katharina Matz"], "rating": 80.836525}
635662: {"name": "Nikdy neodvracej zrak", "duration":188, "dateCreated": 2018, "directors": ["Florian Henckel von Donnersmarck"], "actors": ["Tom Schilling", "Paula Beer", "Sebastian Koch", "Saskia Rosendahl", "Oliver Masucci", "Cai Cohrs", "Ina Weisse", "Jevgenij Sidichin", "Mark Zak", "Lars Eidinger"], "rating": 81.269844}
574262: {"name": "Spolu to dáme", "duration":104, "dateCreated": 2017, "directors": ["Marc Rothemund"], "actors": ["Elyas M'Barek", "Philip Noah Schwarz", "Nadine Wrietz", "Uwe Preuss", "Lisa Bitter", "Jürgen Tonkel", "Sebastian Gerold", "Tesha Moon Krieg", "Jo Kern", "Lena Meckel"], "rating": 75.21083}
390877: {"name": "Citizenfour: Občan Snowden", "duration":114, "dateCreated": 2014, "directors": ["Laura Poitras"], "actors": ["Edward Snowden", "Glenn Greenwald", "William Binney", "Jacob Appelbaum", "Laura Poitras", "Julian Assange", "Jesselyn Radack", "Barack Obama", "Piers Morgan"], "rating": 81.16734}
268124: {"name": "Informátorka", "duration":112, "dateCreated": 2010, "directors": ["Larysa Kondracki"], "actors": ["Rachel Weisz", "Vanessa Redgrave", "Monica Bellucci", "David Strathairn", "Nikolaj Lie Kaas", "Roxana Condurache", "Paula Schramm", "Alexandru Potocean", "William Hope", "Rayisa Kondracki"], "rating": 77.92789}
277361: {"name": "Le Havre", "duration":93, "dateCreated": 2011, "directors": ["Aki Kaurismäki"], "actors": ["André Wilms", "Jean-Pierre Darroussin", "Kati Outinen", "Blondin Miguel", "Elina Salo", "Evelyne Didi", "Quoc Dung Nguyen", "Pierre Étaix", "Jean-Pierre Léaud", "Laïka"], "rating": 74.5617}
904309: {"name": "Quo vadis, Aida?", "duration":101, "dateCreated": 2020, "directors": ["Jasmila Žbanić"], "actors": ["Jasna Đuričić", "Izudin Bajrović", "Boris Ler", "Johan Heldenbergh", "Raymond Thiry", "Boris Isakovič", "Emir Hadžihafizbegovič", "Reinout Bussemaker", "Teun Luijkx", "Juda Goslinga"], "rating": 84.77707}
504696: {"name": "Nemilovaní", "duration":127, "dateCreated": 2017, "directors": ["Andrej Zvjagincev"], "actors": ["Marjana Spivak", "Alexej Rozin", "Matvej Novikov", "Vladimir Vdovičenkov", "Anastasija Stěžko", "Andris Keišs", "Polina Aug", "Jevgenija Dmitrijeva", "Marina Vasiljeva", "Alexej Fatějev"], "rating": 77.949905}
79441: {"name": "V paprscích slunce", "duration":106, "dateCreated": 2015, "directors": ["Vitalij Manskyj"], "actors": ["Lee Zin-Mi"], "rating": 78.302795}
327240: {"name": "TPB AFK - Příběh the pirate bay", "duration":85, "dateCreated": 2013, "directors": ["Simon Klose"], "actors": ["Peter Sunde"], "rating": 78.080086}
692567: {"name": "Narušitel systému", "duration":118, "dateCreated": 2019, "directors": ["Nora Fingscheidt"], "actors": ["Helena Zengel", "Albrecht Schuch", "Lisa Hagmeister", "Gabriela Maria Schmeide", "Melanie Straub", "Victoria Trauttmansdorff", "Maryam Zaree", "Tedros Teclebrhan", "Matthias Brenner", "Barbara Philipp"], "rating": 80.33014}
283291: {"name": "Šťastní to lidé: rok v tajze", "duration":90, "dateCreated": 2010, "directors": ["Dmitrij Vasjukov", "Werner Herzog"], "actors": ["Werner Herzog"], "rating": 85.3473}
514475: {"name": "Teheránská tabu", "duration":90, "dateCreated": 2017, "directors": ["Ali Soozandeh"], "actors": ["Arash Marandi", "Alireza Bayram", "Siir Eloglu", "Thomas Nash", "Hasan Ali Mete", "Klaus Ofczarek", "Morteza Tavakoli", "Payam Madjlessi", "Roxana Rahnama", "Elmira Rafizadeh"], "rating": 78.45983}
542209: {"name": "Kapitán", "duration":118, "dateCreated": 2017, "directors": ["Robert Schwentke"], "actors": ["Max Hubacher", "Milan Peschel", "Frederick Lau", "Bernd Hölscher", "Waldemar Kobus", "Alexander Fehling", "Samuel Finzi", "Wolfram Koch", "Hendrik Arnst", "Haymon Maria Buttinger"], "rating": 79.53356}
658956: {"name": "Brankář", "duration":120, "dateCreated": 2018, "directors": ["Marcus H. Rosenmüller"], "actors": ["David Kross", "Freya Mavor", "John Henshaw", "Harry Melling", "Michael Socha", "Julian Sands", "Dave Johns", "Barbara Young", "Chloe Harris", "Mikey Collins"], "rating": 82.01846}
33126: {"name": "Mustang", "duration":97, "dateCreated": 2015, "directors": ["Deniz Gamze Ergüven"], "actors": ["Günes Sensoy", "Doğa Zeynep Doğuşlu", "Tugba Sunguroglu", "Elit İşcan", "İlayda Akdoğan", "Nihal G. Koldaş", "Ayberk Pekcan", "Bahar Kerimoglu", "Burak Yigit", "Erol Afsin"], "rating": 75.92468}
279744: {"name": "Medianeras", "duration":95, "dateCreated": 2011, "directors": ["Gustavo Taretto"], "actors": ["Pilar López de Ayala", "Javier Drolas", "Inés Efron", "Carla Peterson", "Rafael Ferro", "Adrián Navarro", "Miguel Dedovich", "Jorge Lanata", "Alan Pauls", "Romina Paula"], "rating": 78.08743}
691476: {"name": "Případ Collini", "duration":123, "dateCreated": 2019, "directors": ["Marco Kreuzpaintner"], "actors": ["Elyas M'Barek", "Alexandra Maria Lara", "Heiner Lauterbach", "Manfred Zapatka", "Jannis Niewöhner", "Rainer Bock", "Catrin Striebeck", "Pia Stutzenstein", "Peter Prager", "Franco Nero"], "rating": 76.094086}
288082: {"name": "Vor v zakoně, vládce podsvětí", "duration":90, "dateCreated": 2010, "directors": ["Alexander Gentelev"], "actors": [], "rating": 79.32228}
250357: {"name": "Turínský kůň", "duration":155, "dateCreated": 2011, "directors": ["Béla Tarr", "Ágnes Hranitzky"], "actors": ["János Derzsi", "Erika Bók", "Ricsi", "Mihály Kormos", "Mihály Ráday"], "rating": 77.478134}
518219: {"name": "Cukrář", "duration":113, "dateCreated": 2017, "directors": ["Ofir Raul Graizer"], "actors": ["Sarah Adler", "Tim Kalkhof", "Zohar Strauss", "Stephanie Stremler", "Roy Miller", "Tamir Ben Yehuda"], "rating": 78.22222}
364009: {"name": "Kukuřičný ostrov", "duration":100, "dateCreated": 2014, "directors": ["Georgij Ovašvili"], "actors": ["İlyas Salman", "Mariam Buturishvili", "Irakli Samushia", "Tamer Levent", "Temur Goginava"], "rating": 74.5654}
272486: {"name": "Pina", "duration":100, "dateCreated": 2011, "directors": ["Wim Wenders"], "actors": ["Pina Bausch", "Regina Advento", "Malou Airaudo", "Ruth Amarante", "Jorge Puerta Armenta", "Rainer Behr", "Andrey Berezin", "Damiano Ottavio Bigi", "Bénédicte Billiet", "Aleš Čuček"], "rating": 75.86975}
292876: {"name": "Krev v mobilech", "duration":82, "dateCreated": 2010, "directors": ["Frank Piasechi Poulsen"], "actors": [], "rating": 77.805984}
617498: {"name": "Šťastný Lazzaro", "duration":125, "dateCreated": 2018, "directors": ["Alice Rohrwacher"], "actors": ["Adriano Tardiolo", "Alba Rohrwacher", "Nicoletta Braschi", "Sergi López", "Luca Chikovani", "Tommaso Ragno", "Leonardo Nigro", "Elisabetta Rocchetti", "Agnese Graziani", "Daria Deflorian"], "rating": 74.53881}
282528: {"name": "Velký sen", "duration":109, "dateCreated": 2011, "directors": ["Sebastian Grobler"], "actors": ["Daniel Brühl", "Burghart Klaußner", "Thomas Thieme", "Adrian Moore", "Justus von Dohnányi", "Jürgen Tonkel", "Milan Peschel", "Axel Prahl", "Henriette Confurius", "Anna Stieblich"], "rating": 76.64468}
52739: {"name": "Heidi, děvčátko z hor", "duration":105, "dateCreated": 2015, "directors": ["Alain Gsponer"], "actors": ["Anuk Steffen", "Bruno Ganz", "Isabelle Ottmann", "Quirin Agrippi", "Hannelore Hoger", "Maxim Mehmet", "Katharina Schüttler", "Jella Haase", "Peter Lohmeyer", "Michael Kranz"], "rating": 76.65339}
304605: {"name": "Z popelnice do lednice?", "duration":88, "dateCreated": 2010, "directors": ["Valentin Thurn"], "actors": [], "rating": 83.672615}
364060: {"name": "Křížová cesta", "duration":107, "dateCreated": 2014, "directors": ["Dietrich Brüggemann"], "actors": ["Lea van Acken", "Franziska Weisz", "Lucie Aron", "Michael Kamp", "Moritz Knapp", "Hanns Zischler", "Anna Brüggemann", "Florian Stetter", "Birge Schade", "Sven Taddicken"], "rating": 80.10977}
306181: {"name": "Parade", "duration":115, "dateCreated": 2011, "directors": ["Srdjan Dragojevič"], "actors": ["Nikola Kojo", "Miloš Samolov", "Hristina Popovič", "Goran Navojec", "Goran Jevtič", "Toni Mihajlovski", "Uroš Djurič", "Eva Ras", "Milan Marič", "Melita Bihali"], "rating": 78.12569}
53160: {"name": "55 schodů", "duration":115, "dateCreated": 2017, "directors": ["Bille August"], "actors": ["Helena Bonham Carter", "Hilary Swank", "Jeffrey Tambor", "Tim Plester", "Michael Culkin", "Jonathan Kerrigan", "Richard Riddell", "Tim Ahern", "Ricky Watson", "Christian Skibinski"], "rating": 75.45045}
542249: {"name": "Co tomu řeknou lidi", "duration":106, "dateCreated": 2017, "directors": ["Iram Haq"], "actors": ["Maria Mozhdah", "Adil Hussain", "Ekavali Khanna", "Rohit Saraf", "Sheeba Chaddha", "Lalit Parimoo", "Farrukh Jaffar", "Naeem Azam", "Assad Siddique", "Sara Khorami"], "rating": 81.21212}
283290: {"name": "Jeskyně zapomenutých snů", "duration":90, "dateCreated": 2010, "directors": ["Werner Herzog"], "actors": ["Werner Herzog", "Jean Clottes", "Julien Monney", "Wulf Hein", "Jean-Michel Geneste", "Michel Philippe", "Gilles Tosello", "Carole Fritz", "Dominique Baffier", "Valerie Feruglio"], "rating": 75.58442}
318613: {"name": "Sakra, kluku!", "duration":86, "dateCreated": 2012, "directors": ["Jan-Ole Gerster"], "actors": ["Tom Schilling", "Friederike Kempter", "Marc Hosemann", "Katharina Schüttler", "Justus von Dohnányi", "Martin Brambach", "Ulrich Noethen", "Michael Gwisdek", "Frederick Lau", "Rolf Peter Kahl"], "rating": 76.37037}
361191: {"name": "Diplomacie", "duration":84, "dateCreated": 2014, "directors": ["Volker Schlöndorff"], "actors": ["André Dussollier", "Niels Arestrup", "Burghart Klaußner", "Robert Stadlober", "Charlie Nelson", "Jean-Marc Roulot", "Stefan Wilkening", "Thomas Arnold", "Lucas Prisor", "Attila Borlan"], "rating": 74.58438}
284722: {"name": "Cizinka", "duration":123, "dateCreated": 2010, "directors": ["Feo Aladag"], "actors": ["Sibel Kekilli", "Derya Alabora", "Nizam Schiller", "Settar Tanrıöğen", "Florian Lukas", "Alwara Höfels", "Ufuk Bayraktar", "Edin Hasanović", "Serhad Can", "Demir Gökgöl"], "rating": 80.95498}
330153: {"name": "Wadjda", "duration":98, "dateCreated": 2012, "directors": ["Haifaa Al Mansour"], "actors": ["Reem Abdullah", "Waad Mohammed", "Abdullrahman Al Gohani", "Sultan Al Assaf", "Alanoud Sajini", "Ahd"], "rating": 78.26685}
343221: {"name": "Tore tančí", "duration":110, "dateCreated": 2013, "directors": ["Katrin Gebbe"], "actors": ["Julius Feldmeier", "Sascha Alexander Geršak", "Annika Kuhl", "Gro Swantje Kohlhof", "Til-Niklas Theinert", "Daniel Michel", "Uwe Dag Berlin", "Christoph Jacobi", "Enno Hesse", "Alexander Wipprecht"], "rating": 75.99448}
312498: {"name": "Tohle není Kalifornie", "duration":90, "dateCreated": 2012, "directors": ["Marten Persiel"], "actors": ["Erich Honecker", "Bill Clinton", "Žaneta Fuchsová", "Helmut Kohl", "Anneke Schwabe", "David Nathan"], "rating": 82.37823}
101403: {"name": "Darth Maul: Apprentice", "duration":18, "dateCreated": 2016, "directors": ["Shawn Bu"], "actors": ["Mathis Landwehr", "Ben Schamma", "Svenja Jung", "Eskindir Tesfay"], "rating": 83.41041}
590441: {"name": "Tichá revoluce", "duration":111, "dateCreated": 2018, "directors": ["Lars Kraume"], "actors": ["Leonard Scheicher", "Tom Gramenz", "Lena Klenke", "Jonas Dassler", "Ronald Zehrfeld", "Carina N. Wiese", "Florian Lukas", "Jördis Triebel", "Daniel Krauss", "Michael Gwisdek"], "rating": 78.8218}
264893: {"name": "Zeiten ändern Dich", "duration":94, "dateCreated": 2010, "directors": ["Uli Edel"], "actors": ["Bushido", "Elyas M'Barek", "Moritz Bleibtreu", "Hannelore Elsner", "Mina Tander", "Karoline Schuch", "Karel Gott", "Katja Flint", "Uwe Ochsenknecht", "Werner Daehn"], "rating": 81.378204}
713484: {"name": "Fany a pes", "duration":87, "dateCreated": 2019, "directors": ["Matthias Bruhn", "Ralf Kukula"], "actors": ["Gaëtan Wenders", "Katharina Lopinski"], "rating": 80.7}
298671: {"name": "Ráj: Láska", "duration":120, "dateCreated": 2012, "directors": ["Ulrich Seidl"], "actors": ["Margarete Tiesel", "Inge Maux", "Peter Kazungu", "Maria Hofstätter", "Melanie Lenz", "Helen Brugat", "David Nzinga", "Dunja Sowinetz", "Rolli", "Gabriel Mwarua"], "rating": 74.54849}
54154: {"name": "Freistatt", "duration":98, "dateCreated": 2014, "directors": ["Marc Brummund"], "actors": ["Louis Hofmann", "Alexander Held", "Stephan Grossmann", "Katharina Lorenz", "Max Riemelt", "Uwe Bohm", "Enno Trebs", "Langston Uibel", "Anna Bullard", "Justus Rosenkranz"], "rating": 80.77834}
298195: {"name": "Neviditelná", "duration":113, "dateCreated": 2011, "directors": ["Christian Schwochow"], "actors": ["Stine Fischer Christensen", "Ulrich Noethen", "Ronald Zehrfeld", "Dagmar Manzel", "Anna Maria Mühe", "Ulrich Matthes", "Gudrun Landgrebe", "Corinna Harfouch", "Sabin Tambrea", "Annette Lober"], "rating": 76.35435}
311257: {"name": "Hannah Arendt", "duration":113, "dateCreated": 2012, "directors": ["Margarethe von Trotta"], "actors": ["Barbara Sukowa", "Axel Milberg", "Leila Lallali", "Janet McTeer", "Julia Jentsch", "Ulrich Noethen", "Michael Degen", "Victoria Trauttmansdorff", "Nicholas Woodeson", "Friederike Becht"], "rating": 74.5234}
325734: {"name": "Messner", "duration":108, "dateCreated": 2012, "directors": ["Andreas Nickel"], "actors": ["Reinhold Messner", "Maxime Belleville", "Maurice Cretton", "Paul Faller", "Horst Frankhauser", "Manael Garnier", "Ursula Grether-Endres", "Peter Habeler", "Hans Kammerlander", "Friedl Kreckl"], "rating": 82.26148}
328650: {"name": "Tábor 14", "duration":104, "dateCreated": 2012, "directors": ["Marc Wiese"], "actors": [], "rating": 74.548676}
314605: {"name": "Sladký život kurev", "duration":114, "dateCreated": 2011, "directors": ["Michael Glawogger"], "actors": ["Emma", "Ning", "Toh", "Wat", "Palm", "Lolita", "Jhorna", "Ruma"], "rating": 75.39326}
823306: {"name": "Perské lekce", "duration":127, "dateCreated": 2020, "directors": ["Vadim Perelman"], "actors": ["Leonie Benesch", "David Schütter", "Lars Eidinger", "Jonas Nay", "Nahuel Pérez Biscayart", "Alexander Beyer", "Luisa-Céline Gaffron", "Giuseppe Schillaci", "Nico Ehrenteit", "Andreas Hofer"], "rating": 76.566864}
303338: {"name": "Dítě džungle", "duration":0, "dateCreated": 2011, "directors": ["Roland Suso Richter"], "actors": ["Thomas Kretschmann", "Nadja Uhl", "Stella Kunkat", "Sina Tkotsch", "Milena Tscharntke", "Tom Hoßbach", "Tina Engel", "Claes Bang", "Sven Gielnik", "Isolde Barth"], "rating": 80.343346}
298440: {"name": "Konečná uprostřed cesty", "duration":110, "dateCreated": 2011, "directors": ["Andreas Dresen"], "actors": ["Steffi Kühnert", "Milan Peschel", "Mika Seidel", "Ursula Werner", "Inka Friedrich", "Otto Mellies", "Bernhard Schütz", "Marie Rosa Tietjen", "Helmut Zerlett", "Knut Elstermann"], "rating": 81.75676}
292108: {"name": "Nedokončený film", "duration":88, "dateCreated": 2010, "directors": ["Yael Hersonski"], "actors": ["Rüdiger Vogler", "Alexander Beyer", "Mendy Cahan", "Gera Sandler", "Axel Thielmann"], "rating": 79.248825}
422345: {"name": "Deník Anne Frankové", "duration":128, "dateCreated": 2016, "directors": ["Hans Steinbichler"], "actors": ["Lea van Acken", "Martina Gedeck", "Ulrich Noethen", "Stella Kunkat", "Margarita Broich", "André Jung", "Leonard Carow", "Arthur Klemt", "Gerti Drassl", "Stefan Merki"], "rating": 78.625595}
723596: {"name": "Neviditelný život Eurídice Gusmao", "duration":139, "dateCreated": 2019, "directors": ["Karim Aïnouz"], "actors": ["Carol Duarte", "Júlia Stockler", "Fernanda Montenegro", "Gregório Duvivier", "Flavio Bauraqui", "Cristina Pereira", "Maria Manoella", "Nikolas Antunes", "Flávia Gusmão", "Bárbara Santos"], "rating": 80.47619}
423479: {"name": "24 týdnů", "duration":103, "dateCreated": 2016, "directors": ["Anne Zohra Berrached"], "actors": ["Julia Jentsch", "Bjarne Mädel", "Johanna Gastdorf", "Emilia Pieske", "Maria Dragus", "Karina Plachetka", "Barbara Focke", "Martin Reik", "Florian Kleine", "Wolfgang Zarnack"], "rating": 77.0883}
344386: {"name": "Velký sešit", "duration":109, "dateCreated": 2013, "directors": ["János Szász"], "actors": ["András Gyémánt", "László Gyémánt", "Piroska Molnár", "Ulrich Matthes", "Ulrich Thomsen", "Lajos Kovács", "Orsolya Tóth", "János Derzsi", "Miklós Székely B.", "Péter Andorai"], "rating": 75.645935}
693431: {"name": "Jen žena", "duration":90, "dateCreated": 2019, "directors": ["Sherry Hormann"], "actors": ["Almila Bağrıaçık", "Rauand Taleb", "Merve Aksoy", "Aram Arami", "Tamer Arslan", "Mehmet Atesci", "Samir Fuchs", "Özgür Karadeniz", "Christian Kuchenbuch", "Jacob Matschenz"], "rating": 82.27723}
396807: {"name": "Med v hlavě", "duration":139, "dateCreated": 2014, "directors": ["Til Schweiger"], "actors": ["Til Schweiger", "Emma Schweiger", "Dieter Hallervorden", "Dar Salim", "Tobias Moretti", "Jeanette Hain", "Claudia Michelsen", "Jan Josef Liefers", "Fahri Yardim", "Pasquale Aleardi"], "rating": 80.0}
592188: {"name": "3 dny v Quiberonu", "duration":115, "dateCreated": 2018, "directors": ["Emily Atef"], "actors": ["Marie Bäumer", "Birgit Minichmayr", "Charly Hübner", "Robert Gwisdek", "Denis Lavant", "Yann Grouhel", "Christopher Buchholz", "Vicky Krieps", "Jean-Louis Coullo'ch", "Vincent Furic"], "rating": 74.9162}
328030: {"name": "Zázračné děti", "duration":100, "dateCreated": 2011, "directors": ["Marcus O. Rosenmüller"], "actors": ["Gedeon Burkhard", "Natalia Avelon", "Catherine Flemming", "Kai Wiesinger", "Gudrun Landgrebe", "Michael Mendl", "John Friedmann", "Ingo Naujoks", "Konstantin Wecker", "Michael Brandner"], "rating": 76.430595}
330079: {"name": "Prameny života", "duration":174, "dateCreated": 2013, "directors": ["Oskar Roehler"], "actors": ["Moritz Bleibtreu", "Jürgen Vogel", "Erika Marozsán", "Kostja Ullmann", "Lavinia Wilson", "Sonja Kirchberger", "Lisa Smit", "Meret Becker", "Wilson Gonzalez Ochsenknecht", "Thomas Heinze"], "rating": 75.54859}
393991: {"name": "V labyrintu mlčení", "duration":123, "dateCreated": 2014, "directors": ["Giulio Ricciarelli"], "actors": ["Alexander Fehling", "Friederike Becht", "André Szymanski", "Johannes Krisch", "Gert Voss", "Johann von Bülow", "Robert Hunger-Bühler", "Lisa Martinek", "Teresa Rizos", "Werner Wölbern"], "rating": 76.835014}
285662: {"name": "Cirkus Columbia", "duration":113, "dateCreated": 2010, "directors": ["Danis Tanović"], "actors": ["Predrag 'Miki' Manojlovič", "Mira Furlan", "Boris Ler", "Milan Strljič", "Mirsad Tuka", "Slaven Knezovič", "Miralem Zupčevič", "Izudin Bajrović", "Ermin Bravo", "Jasna Beri"], "rating": 80.145454}
320705: {"name": "Projekt centrifugace mozku", "duration":7, "dateCreated": 2011, "directors": ["Till Nowak"], "actors": ["Leslie Barany"], "rating": 77.01818}
306249: {"name": "Song for Marion", "duration":93, "dateCreated": 2012, "directors": ["Paul Andrew Williams"], "actors": ["Terence Stamp", "Vanessa Redgrave", "Gemma Arterton", "Christopher Eccleston", "Anne Reid", "Jumayn Hunter", "Caroline Bartleet", "Alan Ruscoe", "Ram John Holder", "Willie Jonah"], "rating": 76.47059}
405491: {"name": "B-Movie: zvuk a rozkoše západního Berlína 1979-1989", "duration":92, "dateCreated": 2015, "directors": ["Jörg A. Hoppe", "Heiko Lange", "Klaus Maeck"], "actors": ["Blixa Bargeld", "Nick Cave", "Keith Haring", "David Bowie", "Jörg Buttgereit", "David Hasselhoff", "Adolf Hitler", "Ronald Reagan", "Tilda Swinton", "Nena"], "rating": 85.20661}
292780: {"name": "Na stupních vítězů", "duration":94, "dateCreated": 2010, "directors": ["Jan Tenhaven"], "actors": [], "rating": 85.22822}
385657: {"name": "Prezident", "duration":118, "dateCreated": 2014, "directors": ["Mohsen Makhmalbaf"], "actors": ["Michail Gomiašvili", "Gérard Essomba", "Dachi Orvelashvili", "Leo Antadze", "Lasha Kankava"], "rating": 76.6805}
308369: {"name": "4 dny v máji", "duration":97, "dateCreated": 2011, "directors": ["Achim von Borries"], "actors": ["Pavel Wenzel", "Alexej Guskov", "Ivan Shvedoff", "Andrej Merzlikin", "Grigorij Dobrygin", "Merab Ninidze", "Alexander Held", "Martin Brambach", "Vladimir Svirskij", "Petra Kelling"], "rating": 74.545456}
433356: {"name": "Houstone, máme problém!", "duration":88, "dateCreated": 2016, "directors": ["Žiga Virc"], "actors": ["Slavoj Žižek"], "rating": 74.608696}
286802: {"name": "Vnější svět", "duration":17, "dateCreated": 2010, "directors": ["David O'Reilly"], "actors": [], "rating": 78.60262}
455900: {"name": "Into the Inferno", "duration":104, "dateCreated": 2016, "directors": ["Werner Herzog"], "actors": ["Werner Herzog", "Clive Oppenheimer", "Maurice Krafft", "Katia Krafft"], "rating": 75.98254}
586816: {"name": "Za hranicemi možností", "duration":74, "dateCreated": 2017, "directors": ["Marta Prus"], "actors": ["Margarita Mamun"], "rating": 82.907486}
851718: {"name": "Helmut Newton: Nestoudná krása", "duration":93, "dateCreated": 2020, "directors": ["Gero von Boehm"], "actors": ["Charlotte Rampling", "Isabella Rossellini", "Catherine Deneuve", "Grace Jones", "Marianne Faithfull", "Claudia Schiffer", "Anna Wintour", "Helmut Newton"], "rating": 75.38461}
382052: {"name": "Gett", "duration":115, "dateCreated": 2014, "directors": ["Ronit Elkabetz", "Shlomi Elkabetz"], "actors": ["Ronit Elkabetz", "Simon Abkarian", "Sasson Gabai", "Evelin Hagoel", "Keren Mor", "Menashe Noy", "Ze'ev Revach", "Eli Gornstein", "Shmil Ben Ari", "Dalia Beger"], "rating": 77.48792}
617568: {"name": "Další den života", "duration":85, "dateCreated": 2018, "directors": ["Raúl de la Fuente", "Damian Nenow"], "actors": ["Miroslaw Haniszewski", "Tomasz Ziętek", "Olga Bołądź", "Rafał Fudalej", "Jakub Kamieński", "Daniel Flynn", "Akie Kotabe", "Jude Owusu", "William Vanderpuye", "Youssef Kerkour"], "rating": 77.37864}
285477: {"name": "Saša", "duration":102, "dateCreated": 2010, "directors": ["Dennis Todorovic"], "actors": ["Sasa Kekez", "Tim Bergmann", "Predrag Bjelac", "Jasin Mjumjunov", "Arno Kempf", "Yu Fang", "Tedros Teclebrhan", "Yvonne Yung Hee Bormann", "Rolf Berg", "Klaus Nierhoff"], "rating": 75.85859}
462145: {"name": "Inteligentní stromy", "duration":80, "dateCreated": 2016, "directors": ["Guido Toelke", "Julia Dordel"], "actors": ["Suzanne Simard", "Peter Wohlleben"], "rating": 79.69697}
326275: {"name": "More than Honey", "duration":90, "dateCreated": 2012, "directors": ["Markus Imhoof"], "actors": ["Robert Hunger-Bühler"], "rating": 85.23077}
438346: {"name": "Frantz", "duration":113, "dateCreated": 2016, "directors": ["François Ozon"], "actors": ["Pierre Niney", "Paula Beer", "Cyrielle Clair", "Johann von Bülow", "Ernst Stötzner", "Marie Gruber", "Anton von Lucke", "Alice de Lencquesaing", "Axel Wandtke", "Rainer Egger"], "rating": 75.02591}
374416: {"name": "Nápravná třída", "duration":98, "dateCreated": 2014, "directors": ["Ivan I. Tverdovskij"], "actors": ["Marija Pojezžajeva", "Filipp Avdějev", "Nikita Kukuškin", "Marina Nikolajeva", "Julija Serina", "Arťom Markarjan", "Mariya Uryadova", "Natalja Pavlenkova", "Natalja Domereckaja", "Irina Vilkova"], "rating": 76.649216}
641536: {"name": "Naše doba", "duration":173, "dateCreated": 2018, "directors": ["Carlos Reygadas"], "actors": ["Carlos Reygadas", "Natalia López", "Rut Reygadas", "Eleazar Reygadas", "Phil Burgers"], "rating": 78.09524}
313259: {"name": "Banány na pokračování", "duration":87, "dateCreated": 2011, "directors": ["Fredrik Gertten"], "actors": ["Alex Rivera", "Fredrik Gertten", "Bart Simpson", "Margarete Jangård", "Jesper Osmund"], "rating": 84.385025}
53833: {"name": "Všechno dobře dopadne", "duration":30, "dateCreated": 2015, "directors": ["Patrick Vollrath"], "actors": ["Simon Schwarz", "Julia Pointner", "Daniel Keberle", "Christina Scherrer", "Almut Maria Mölk", "Georg Blume"], "rating": 75.13513}
403788: {"name": "Chuck Norris vs. komunismus", "duration":78, "dateCreated": 2015, "directors": ["Ilinca Calugareanu"], "actors": ["Robert Kocsis"], "rating": 75.76087}
523365: {"name": "Hitlerova kronika", "duration":450, "dateCreated": 2017, "directors": ["Hermann Pölking"], "actors": ["Adolf Hitler"], "rating": 80.33149}
723665: {"name": "Led v ohni", "duration":88, "dateCreated": 2019, "directors": ["Leila Conners"], "actors": ["Leonardo DiCaprio"], "rating": 76.72514}
423476: {"name": "Sonita", "duration":91, "dateCreated": 2015, "directors": ["Rokhsareh Ghaemmaghami"], "actors": [], "rating": 85.79881}
650708: {"name": "Svět podle Gorbačova", "duration":90, "dateCreated": 2018, "directors": ["Werner Herzog", "André Singer"], "actors": ["Werner Herzog", "Michail Sergejevič Gorbačov", "Lech Wałęsa", "Margaret Thatcher", "Boris Jelcin", "Ronald Reagan", "Vladimir Putin", "Leonid Iljič Brežněv"], "rating": 74.55621}
345278: {"name": "Benátský syndrom", "duration":0, "dateCreated": 2012, "directors": ["Andreas Pichler"], "actors": [], "rating": 76.26506}
320854: {"name": "Mosty přes Ibar", "duration":88, "dateCreated": 2012, "directors": ["Michaela Kezele"], "actors": ["Zrinka Cvitesic", "Mišel Matičević", "Andrija Nikčević", "Milos Mesarovic", "Ema Simovic", "Ana Markovič", "Danica Ristovski", "Slavko Štimac", "Ljubomir Bandovič", "Nebojša Djordjevič"], "rating": 81.818184}
314093: {"name": "Mezi vlky", "duration":114, "dateCreated": 2011, "directors": ["Gerardo Olivares"], "actors": ["Juan José Ballesta", "Manuel Camacho", "Sancho Gracia", "Carlos Bardem", "Alex Brendemühl", "Eduardo Gómez", "Luisa Martín", "Dafne Fernández", "Antonio Dechent", "Vicente Romero"], "rating": 77.54601}
351904: {"name": "Jîn", "duration":122, "dateCreated": 2013, "directors": ["Reha Erdem"], "actors": ["Deniz Hasgüler", "Ayris Alptekin", "Onur Ünsal", "Sabahattin Yakut", "Eren Vurdem", "Mehtap Anıl", "Beran Soysal", "Saygın Soysal", "Şenay Aydın", "Yıldırım Şimşek"], "rating": 79.75}
442960: {"name": "Cesta s tátou", "duration":111, "dateCreated": 2016, "directors": ["Anca Miruna Lazarescu"], "actors": ["Razvan Enciu", "Alexandru Margineanu", "Ovidiu Schumacher", "Susanne Bormann", "Tom Pilath", "Björn Freiberg", "Lutz Blochberger", "Doru Ana", "Ana Ularu", "David Lindner Leporda"], "rating": 74.842766}
651661: {"name": "Nech mě padnout", "duration":136, "dateCreated": 2018, "directors": ["Baldvin Zophoníasson"], "actors": ["Elín Sif Halldórsdóttir", "Eyrún Björk Jakobsdóttir", "Kristín Þóra Haraldsdóttir", "Sólveig Arnarsdóttir", "Þorsteinn Bachmann", "Laufey Elíasdóttir", "Atli Óskar Fjalarsson", "Sveinn Ólafur Gunnarsson", "Halldór Halldórsson", "Lára Jóhanna Jónsdóttir"], "rating": 80.754715}
353496: {"name": "Sein letztes Rennen", "duration":110, "dateCreated": 2013, "directors": ["Kilian Riedhof"], "actors": ["Dieter Hallervorden", "Tatja Seibt", "Heike Makatsch", "Katharina Lorenz", "Katrin Saß", "Frederick Lau", "Otto Mellies", "Annekathrin Bürger", "Maria Mägdefrau", "Heinz W. Krückeberg"], "rating": 74.92958}
324887: {"name": "Všichni spolu", "duration":87, "dateCreated": 2011, "directors": ["Hella Wenders"], "actors": [], "rating": 85.14286}
341203: {"name": "Vítr", "duration":4, "dateCreated": 2012, "directors": ["Robert Löbel"], "actors": [], "rating": 78.656715}
856887: {"name": "Kopfplatzen", "duration":99, "dateCreated": 2019, "directors": ["Savaş Ceviz"], "actors": ["Max Riemelt", "Oskar Netzel", "Isabell Gerschke", "Luise Heyer", "Ercan Durmaz", "Michael Schenk", "Odine Johne", "Joel Basman", "Andreas Helgi Schmid", "Jörg Zick"], "rating": 75.419846}
413503: {"name": "10 miliard talířů", "duration":103, "dateCreated": 2015, "directors": ["Valentin Thurn"], "actors": [], "rating": 83.28125}
586019: {"name": "O otcích a synech", "duration":98, "dateCreated": 2017, "directors": ["Talal Derki"], "actors": [], "rating": 85.76}
315004: {"name": "Oranžové léto", "duration":110, "dateCreated": 2011, "directors": ["Marcus H. Rosenmüller"], "actors": ["Georg Friedrich", "Petra Schmidt-Schaller", "Oliver Korittke", "Amber Bongard", "Brigitte Hobmeier", "Daniela Holtz", "Wiebke Puls", "Daniel Zillmann", "Chiem van Houweninge", "Bettina Mittendorfer"], "rating": 75.96774}
410542: {"name": "Scorpions Forever", "duration":100, "dateCreated": 2015, "directors": ["Katja von Garnier"], "actors": ["Klaus Meine", "Rudolf Schenker", "Matthias Jabs", "Wladimir Klitschko", "Michail Sergejevič Gorbačov", "Ralph Rieckermann", "Paul Stanley", "Rob Steinberg", "Danko Jones", "Frank Laufenberg"], "rating": 76.5}
519500: {"name": "Příběh cesty kolem světa", "duration":125, "dateCreated": 2017, "directors": ["Patrick Allgaier", "Gwendolin Weisser"], "actors": ["Patrick Allgaier", "Gwendolin Weisser"], "rating": 89.66102}
455783: {"name": "Vlak svobody", "duration":90, "dateCreated": 2014, "directors": ["Sebastian Dehnhardt", "Matthias Schmidt"], "actors": ["Wolfgang Zarnack", "Timo Weisschnur", "Frank Schilcher", "Kilian Land", "Annett Krause"], "rating": 82.90909}
385277: {"name": "Od Caligariho k Hitlerovi", "duration":114, "dateCreated": 2014, "directors": ["Rüdiger Suchsland"], "actors": ["Volker Schlöndorff", "Fatih Akin", "Robert Wiene", "Friedrich Wilhelm Murnau", "Billy Wilder", "Georg Wilhelm Pabst", "Walter Ruttmann", "Josef von Sternberg", "Ernst Lubitsch", "Louise Brooks"], "rating": 75.779816}
335453: {"name": "Hodiny harmonie", "duration":120, "dateCreated": 2013, "directors": ["Emir Baigazin"], "actors": ["Timur Aidarbekov", "Aslan Anarbayev", "Mukhtar Andassov", "Anelya Adilbekova", "Omar Adilov"], "rating": 74.528305}
824918: {"name": "Oeconomia", "duration":89, "dateCreated": 2020, "directors": ["Carmen Losmann"], "actors": ["Carmen Losmann", "Angela Merkel"], "rating": 81.56863}
340292: {"name": "Než začne padat sníh", "duration":101, "dateCreated": 2013, "directors": ["Hisham Zaman"], "actors": ["Abdullah Taher", "Suzan Ilir", "Nazmî Kirik", "Birol Ünel", "Billey Demirtas", "Hassan Dimirci", "Omer Chawshin", "Volga Sorgu", "Eva Medusa Gühne", "Kadir Talabani"], "rating": 75.35354}
53544: {"name": "Enkláva", "duration":92, "dateCreated": 2015, "directors": ["Goran Radovanovič"], "actors": ["Nebojša Glogovac", "Anica Dobra", "Meto Jovanovski", "Qun Lajçi", "Nenad Jezdič", "Goran Radaković", "Radomir Nikolic"], "rating": 77.2043}
286364: {"name": "Vlastní životopis Nicolae Ceauşesca", "duration":180, "dateCreated": 2010, "directors": ["Andrei Ujică"], "actors": ["Nicolae Ceauşescu", "Elena Ceauşescu", "Michail Sergejevič Gorbačov", "Kim Ir-sen", "Mao Ce-tung", "Richard Nixon", "královna Alžběta II.", "Erich Honecker", "Wojciech Jaruzelski", "Leonid Iljič Brežněv"], "rating": 79.78494}
811942: {"name": "Tajný život stromů", "duration":96, "dateCreated": 2020, "directors": ["Jörg Adolph"], "actors": ["Peter Wohlleben", "Achim Bogdahn", "Markus Lanz", "Hubertus Meyer-Burckhardt", "Miriam Wohlleben", "Carina Wohlleben", "Selma Üsük", "Daniel Ramos Claus", "Dirk Zöll", "Hanny Lee"], "rating": 77.391304}
328389: {"name": "Prora", "duration":23, "dateCreated": 2012, "directors": ["Stephane Riethauser"], "actors": ["Tom Gramenz", "Swen Gippa"], "rating": 76.17978}
546889: {"name": "Watu wote", "duration":22, "dateCreated": 2017, "directors": ["Katja Benrath"], "actors": ["Barkhad Abdirahman", "Faysal Ahmed", "Abdiwali Farrah"], "rating": 74.65116}
308968: {"name": "Race to World First", "duration":68, "dateCreated": 2011, "directors": ["John Keating"], "actors": [], "rating": 79.52941}
546088: {"name": "Můj bratr Simpel", "duration":113, "dateCreated": 2017, "directors": ["Markus Goller"], "actors": ["David Kross", "Frederick Lau", "Emilia Schüle", "David Berton", "Annette Frier", "Oscar Ortega Sánchez", "Ludger Pistor", "Uwe Rohde", "Anneke Kim Sarnau", "Axel Stein"], "rating": 77.10844}
185948: {"name": "Norman Foster", "duration":78, "dateCreated": 2010, "directors": ["Carlos Carcas", "Norberto López Amado"], "actors": ["Norman Foster", "Deyan Sudjic"], "rating": 78.0}
337424: {"name": "Úžasný oceán 3D", "duration":49, "dateCreated": 2013, "directors": ["Benjamin Eicher", "Timo Joh. Mayer"], "actors": [], "rating": 80.5}
362122: {"name": "Zelený princ", "duration":101, "dateCreated": 2014, "directors": ["Nadav Schirman"], "actors": [], "rating": 83.75}
545864: {"name": "Leanderova poslední cesta", "duration":107, "dateCreated": 2017, "directors": ["Nick Baker-Monteys"], "actors": ["Jürgen Prochnow", "Petra Schmidt-Schaller", "Tambet Tuisk", "Suzanne von Borsody", "Artjom Gilz", "Kathrin Angerer", "Kai Ivo Baulitz", "Andreas Patton", "Jevgenij Sitočin", "Natalia Bobyleva"], "rating": 77.974686}
448067: {"name": "Zjizvená srdce", "duration":141, "dateCreated": 2016, "directors": ["Radu Jude"], "actors": ["Șerban Pavlu", "Ivana Mladenović", "Gabriel Spahiu", "Ilinca Harnut", "Dana Voicu", "Alexandru Dabija", "Adina Cristescu", "Sofia Nicolaescu", "Dana Marineci"], "rating": 79.46667}
293896: {"name": "Královna slunce – co se nám včely snaží říct", "duration":83, "dateCreated": 2010, "directors": ["Taggart Siegel"], "actors": ["Vandana Shiva", "Michael Pollan", "Gunther Hauk", "Jeffrey M. Smith", "Raj Patel"], "rating": 85.4054}
287139: {"name": "Životní cesta Jane Goodallové", "duration":107, "dateCreated": 2010, "directors": ["Lorenz Knauer"], "actors": ["Jane Goodall", "Angelina Jolie", "Pierce Brosnan", "Kofi Annan", "Dale Peterson", "Hugo van Lawick"], "rating": 77.46479}
371265: {"name": "Poslední spravedlivý", "duration":89, "dateCreated": 2014, "directors": ["Pierre-Henry Salfati"], "actors": ["Mario Adorf", "Hannelore Elsner", "Katharina Derr", "Margot Gödrös", "Herbert Leiser", "Roland Bonjour", "Andreas Potulski", "Markus Andreas Klauk", "Katja Sallay", "Eva Probst"], "rating": 77.35294}
506249: {"name": "Na rozcestí", "duration":103, "dateCreated": 2017, "directors": ["Stefan Komandarev"], "actors": ["Ivan Barnev", "Georgi Kadurin", "Borislava Stratieva", "Vasil Banov", "Dimitar Banenkin", "Stefan Denoljubov", "Assen Blatechki", "Irini Jambonas", "Gerasim Georgiev"], "rating": 77.35294}
369685: {"name": "Neznámý osud rodiny Fabergé", "duration":82, "dateCreated": 2014, "directors": ["Patrick Mark"], "actors": ["Samuel West"], "rating": 80.31746}
424442: {"name": "Hledání ticha", "duration":81, "dateCreated": 2015, "directors": ["Patrick Shen"], "actors": [], "rating": 82.85714}
365915: {"name": "Každodenní vzpoura", "duration":118, "dateCreated": 2013, "directors": ["Arman T. Riahi", "Arash T. Riahi"], "actors": ["Mike Bonanno", "Andy Bichlbaum", "Srdja Popovic", "Inna Shevchenko"], "rating": 78.305084}
387165: {"name": "Večírek na rozloučenou", "duration":95, "dateCreated": 2014, "directors": ["Tal Granit", "Sharon Maymon"], "actors": ["Levana Finkelstein", "Hanna Rieber", "Raffi Tavor", "Ze'ev Revach", "Osnat Handelsman-Keren", "Talia Kleinhendler", "Idit Teperson", "Ilan Dar", "Aliza Rosen", "Ruth Geller"], "rating": 78.644066}
645681: {"name": "Vesnice plavajících krav", "duration":78, "dateCreated": 2018, "directors": ["Katarzyna Trzaska"], "actors": ["Jan Uplegger"], "rating": 75.789474}
68636: {"name": "Tajemné kouzlo bažin", "duration":95, "dateCreated": 2015, "directors": ["Jan Haft"], "actors": ["Axel Milberg"], "rating": 83.27273}
432217: {"name": "Golden", "duration":3, "dateCreated": 2016, "directors": ["Kai Stänicke"], "actors": ["Maximilian Gehrlinger"], "rating": 77.818184}
328348: {"name": "Ničí mě to", "duration":3, "dateCreated": 2011, "directors": ["Kai Stänicke"], "actors": [], "rating": 79.25926}
292883: {"name": "Ukrajinská Chelsea", "duration":88, "dateCreated": 2010, "directors": ["Jakob Preuss"], "actors": [], "rating": 75.76923}
353743: {"name": "Boles", "duration":13, "dateCreated": 2013, "directors": ["Špela Čadež"], "actors": [], "rating": 79.61539}
438418: {"name": "Dobývání Měsíce", "duration":56, "dateCreated": 2015, "directors": ["Martin H. Schmitt"], "actors": [], "rating": 79.23077}
424565: {"name": "Im Todestrakt", "duration":80, "dateCreated": 2016, "directors": ["Oliver Schmitz"], "actors": ["Steve Coogan", "Andrea Riseborough", "Garion Dowds", "Robert Hobbs", "Deon Lotz", "Carel Nel", "Jay-Jay Botha", "Inge Beckmann", "De Klerk Oelofse", "Siya Mayola"], "rating": 74.5098}
687889: {"name": "Louka: Ztracený ráj", "duration":93, "dateCreated": 2019, "directors": ["Jan Haft"], "actors": [], "rating": 86.0}
292845: {"name": "Věznice Írán", "duration":80, "dateCreated": 2010, "directors": ["Ali Samadi Ahadi"], "actors": ["Navíd Akhavan", "Ájatolláh Chámeneí"], "rating": 81.63265}
292916: {"name": "Můj únosce", "duration":82, "dateCreated": 2010, "directors": ["Mark Henderson", "Kate Horne"], "actors": [], "rating": 79.591835}
585766: {"name": "V zajetí", "duration":89, "dateCreated": 2017, "directors": ["Bernadett Tuza-Ritter"], "actors": [], "rating": 81.666664}
545867: {"name": "Mléčný komplex", "duration":90, "dateCreated": 2017, "directors": ["Andreas Pichler"], "actors": [], "rating": 74.78261}
946180: {"name": "Among Us", "duration":13, "dateCreated": 2020, "directors": ["Marcel Becker-Neu"], "actors": ["Franciska Friede", "Marios Gavrilis"], "rating": 75.21739}
315720: {"name": "Luciano Pavarotti", "duration":0, "dateCreated": 2010, "directors": [], "actors": [], "rating": 76.44444}
348351: {"name": "Druhý domov - kronika touhy", "duration":225, "dateCreated": 2013, "directors": ["Edgar Reitz"], "actors": ["Werner Herzog", "Jeroen Perceval", "Jan Dieter Schneider", "Anatol Schuster", "Barbara Philipp", "Maximilian Scheidt", "Mélanie Fouché", "Eva Zeidler", "Marita Breuer", "Salome Kammer"], "rating": 87.55556}
371788: {"name": "Andy na pochodu: Lamí drama", "duration":3, "dateCreated": 2013, "directors": ["Pablo Vazquez"], "actors": [], "rating": 76.0}
603772: {"name": "Lesy naší Země", "duration":90, "dateCreated": 2018, "directors": ["Heiko De Groot"], "actors": [], "rating": 85.0}
67155: {"name": "Přechod", "duration":21, "dateCreated": 2015, "directors": ["Detsky Graffam"], "actors": ["Carsten Clemens", "Stefan Dietrich", "Jürgen Haug", "Ecco Mylla"], "rating": 76.27907}
53206: {"name": "Tisíc a jedna noc II – zoufalá", "duration":131, "dateCreated": 2015, "directors": ["Miguel Gomes"], "actors": ["Joana de Verona", "Teresa Madruga", "Gonçalo Waddington", "Cristina Alfaiate", "Adriano Luz", "Manuel Mozos", "Luísa Cruz", "Américo Silva", "Chico Chapas", "João Pedro Bénard"], "rating": 78.04878}
463375: {"name": "Rebelská střední v Berlíně", "duration":91, "dateCreated": 2016, "directors": ["Alexander Kleider"], "actors": [], "rating": 77.0}
66334: {"name": "Masakry slonů a nosorožců", "duration":52, "dateCreated": 2015, "directors": ["Jakob Kneser"], "actors": ["Peter Knights", "Grace Gabriel", "Allan Thornton"], "rating": 85.128204}
480045: {"name": "Dustin", "duration":8, "dateCreated": 2015, "directors": ["Kristina Jaeger"], "actors": [], "rating": 75.38461}
693018: {"name": "Trilogie lásky: Spoutaní", "duration":112, "dateCreated": 2019, "directors": ["Yaron Shani"], "actors": ["Eran Naim", "Stav Almagor"], "rating": 74.871796}
370830: {"name": "Nosorožec v poklusu", "duration":15, "dateCreated": 2013, "directors": ["Erik Schmitt"], "actors": ["Marleen Lohse", "Tino Mewes"], "rating": 78.37838}
475377: {"name": "Stroje", "duration":71, "dateCreated": 2016, "directors": ["Rahul Jain"], "actors": [], "rating": 76.75676}
649722: {"name": "Raft", "duration":97, "dateCreated": 2018, "directors": ["Marcus Lindeen"], "actors": ["Daniel Giménez Cacho"], "rating": 77.83784}
823300: {"name": "DAU. Degenerace", "duration":355, "dateCreated": 2020, "directors": ["Ilja Chržanovskij"], "actors": ["Vladimir Azhippo", "Olga Shkabarnya", "Alexei Blinov", "Alina Alexejeva", "Marina Abramović", "Radmyla Ščoholeva"], "rating": 82.16216}
366086: {"name": "Návrat do Homsu", "duration":87, "dateCreated": 2013, "directors": ["Talal Derki"], "actors": [], "rating": 80.0}
527551: {"name": "Chuť cementu", "duration":85, "dateCreated": 2017, "directors": ["Ziad Kalthoum"], "actors": [], "rating": 81.14286}
313312: {"name": "The House I Live In", "duration":108, "dateCreated": 2012, "directors": ["Eugene Jarecki"], "actors": ["Rudy Giuliani"], "rating": 75.882355}
491512: {"name": "Hon na nevěstu", "duration":85, "dateCreated": 2017, "directors": ["Roser Corella"], "actors": [], "rating": 76.47059}
776673: {"name": "Ztracení králové z Bioka", "duration":56, "dateCreated": 2019, "directors": ["Oliver Goetzl"], "actors": [], "rating": 77.64706}
325741: {"name": "Rychlost - hledání ztraceného času", "duration":97, "dateCreated": 2012, "directors": ["Florian Opitz"], "actors": ["Rudolf Wötzel", "Hartmut Rosa"], "rating": 81.21212}
79079: {"name": "Ukradená zem", "duration":91, "dateCreated": 2015, "directors": ["Kurt Langbein"], "actors": [], "rating": 80.0}
707804: {"name": "Ice and Palms", "duration":32, "dateCreated": 2018, "directors": ["Philipp Becker"], "actors": [], "rating": 76.25}
371901: {"name": "Poloviční přítelkyně", "duration":6, "dateCreated": 2013, "directors": ["Nicolas de Leval Jezierski"], "actors": ["Nicolas de Leval Jezierski", "Marlene Melchior"], "rating": 80.0}
542290: {"name": "Krása, která zabíjí", "duration":52, "dateCreated": 2017, "directors": ["Ulf Marquardt"], "actors": [], "rating": 77.41936}
656030: {"name": "Těžký osud starých kmenů", "duration":90, "dateCreated": 2018, "directors": ["Thomas Tielsch"], "actors": ["Markus Mauthe"], "rating": 76.129036}
2364: {"name": "Fassbinder", "duration":95, "dateCreated": 2015, "directors": ["Annekatrin Hendel"], "actors": ["Rainer Werner Fassbinder", "Margit Carstensen", "Irm Hermann", "Juliane Lorenz", "Hanna Schygulla", "Harry Baer", "Hark Bohm", "Wolf Gremm", "Günter Rohrbach", "Fritz Müller-Scherz"], "rating": 78.0}
79064: {"name": "Mr. Gaga", "duration":100, "dateCreated": 2016, "directors": ["Tomer Heymann"], "actors": ["Ohad Naharin", "Olivia Ancona", "Bobbi Jene Smith", "Zina Zinchenko", "Or Schraiber"], "rating": 86.0}
548485: {"name": "Megeti: Život vlčka", "duration":50, "dateCreated": 2017, "directors": ["Yann Sochaczewski"], "actors": [], "rating": 86.0}
307739: {"name": "Unlike U", "duration":90, "dateCreated": 2011, "directors": ["Björn Birg", "Henrik Regel"], "actors": [], "rating": 93.10345}
391504: {"name": "Žalozpěvy: Černomořská odysea", "duration":98, "dateCreated": 2014, "directors": ["Stanisław Mucha"], "actors": [], "rating": 79.31035}
910039: {"name": "Koktejl Mazl tov", "duration":30, "dateCreated": 2020, "directors": ["Mickey Paatzsch", "Arkadij Khaet"], "actors": ["Mateo Wansing Lorrio", "Gwentsche Kollewijn", "Liudmyla Vasylieva", "Moisej Bazijan", "Petra Nadolny", "Kaspar Eichel", "Alexander Wertmann", "Vladislav Grakovskiy"], "rating": 80.0}
546358: {"name": "Arthur & Claire", "duration":100, "dateCreated": 2017, "directors": ["Miguel Alexandre"], "actors": ["Josef Hader", "Hannah Hoekstra", "Rainer Bock", "Florence Kasumba", "Errol Trotman-Harewood", "Stella McCusker", "Pepijn Schoneveld", "Guy Clemens", "Daron Yates", "Ruben Brinkman"], "rating": 77.14286}
872871: {"name": "Hongkongské okamžiky", "duration":90, "dateCreated": 2020, "directors": ["Bing Zhou"], "actors": [], "rating": 75.0}
930318: {"name": "Forenzničení", "duration":40, "dateCreated": 2020, "directors": ["Chloé Galibert-Laîné"], "actors": [], "rating": 77.85714}
343824: {"name": "Vila Tugendhat", "duration":117, "dateCreated": 2013, "directors": ["Dieter Reifarth"], "actors": ["Michael Guggenheim", "Caspar Richter"], "rating": 77.77778}
285062: {"name": "David wants to fly", "duration":97, "dateCreated": 2010, "directors": ["David Sieveking"], "actors": ["David Sieveking", "David Lynch", "Maharishi Mahesh Yogi", "Judith Bourque", "Donovan", "Raja Emanuel", "Raja Felix", "Earl Kaplan", "John Knapp", "Mark Landau"], "rating": 76.15385}
295131: {"name": "Podivuhodný svět rostlin", "duration":50, "dateCreated": 2011, "directors": [], "actors": [], "rating": 82.30769}
359100: {"name": "I Dream of Wires", "duration":102, "dateCreated": 2013, "directors": ["Robert Fantinatto"], "actors": ["Drew Neumann", "John Mills-Cockell", "Trent Reznor", "Alec Empire", "Charlie Clouser"], "rating": 92.0}
598480: {"name": "Kolyma, cesta z kostí", "duration":85, "dateCreated": 2017, "directors": ["Stanisław Mucha"], "actors": [], "rating": 79.2}
819276: {"name": "Kipa", "duration":25, "dateCreated": 2019, "directors": ["Lucas Nathrath"], "actors": ["Riccardo Campione", "Samy Abdel Fattah", "Frank Auerbach", "Junis Marlon Noreick", "Gustav Peter Wöhler", "Susann Uplegger", "Zoran Pingel", "Carolin Spieß", "Antje Otterson", "Dominik Ganser"], "rating": 80.0}
866440: {"name": "Stěna stínů", "duration":98, "dateCreated": 2020, "directors": ["Eliza Kubarska"], "actors": [], "rating": 78.4}
904306: {"name": "Nokturno", "duration":100, "dateCreated": 2020, "directors": ["Gianfranco Rosi"], "actors": [], "rating": 76.0}
298800: {"name": "Přistání Jurije Lenona", "duration":14, "dateCreated": 2010, "directors": ["Anthony Vouardoux"], "actors": ["Marc Hosemann"], "rating": 77.5}
310658: {"name": "Blutzbrüdaz", "duration":0, "dateCreated": 2011, "directors": ["Özgür Yildirim"], "actors": ["B-Tight", "Sido", "Milton Welsh", "Timo Jacobs", "Claudia Eisinger", "Alwara Höfels", "Christian Beermann", "Tim Wilde", "Timo Dierkes", "Klaus Maeck"], "rating": 84.166664}
571016: {"name": "Strážci Země", "duration":85, "dateCreated": 2017, "directors": ["Filip Antoni Malinowski"], "actors": ["Al Gore", "Naomi Klein", "Arnold Schwarzenegger"], "rating": 76.666664}
643214: {"name": "Leonard Bernstein: Delší než život", "duration":52, "dateCreated": 2016, "directors": ["Georg Wübbolt"], "actors": ["Leonard Bernstein", "Marin Alsop", "Gustavo Dudamel", "Christoph Eschenbach", "Werner Resel"], "rating": 89.166664}
339122: {"name": "Lichtmond", "duration":49, "dateCreated": 2010, "directors": ["Diego M. Bonati"], "actors": [], "rating": 80.86957}
425764: {"name": "Ranenyy Angel", "duration":113, "dateCreated": 2016, "directors": ["Emir Baigazin"], "actors": ["Omar Adilov", "Timur Aidarbekov", "Madiyar Aripbay", "Anzara Barlykova", "Madiyar Nazarov", "Nurlybek Saktaganov", "Kanagat Taskaraev", "Rasul Vilyamov"], "rating": 79.09091}
434627: {"name": "Pokus, omyl", "duration":5, "dateCreated": 2016, "directors": ["Antje Heyn"], "actors": ["Angela Richardson"], "rating": 77.27273}
506547: {"name": "Sleaford Mods: Banda sráčů od kumštu", "duration":103, "dateCreated": 2017, "directors": ["Christine Franz"], "actors": ["Sleaford Mods"], "rating": 82.72727}
707824: {"name": "Válka umění", "duration":102, "dateCreated": 2019, "directors": ["Tommy Gulliksen"], "actors": [], "rating": 76.36364}
296459: {"name": "Orel mořský: Pták se zlatým okem", "duration":50, "dateCreated": 2010, "directors": [], "actors": [], "rating": 80.0}
305681: {"name": "Paul Kalkbrenner - A Live Documentary", "duration":59, "dateCreated": 2010, "directors": [], "actors": [], "rating": 83.809525}
324004: {"name": "Goldrausch - Die Geschichte der Treuhand", "duration":98, "dateCreated": 2012, "directors": ["Dirk Laabs"], "actors": [], "rating": 76.190475}
350068: {"name": "Frau Ella", "duration":105, "dateCreated": 2013, "directors": ["Markus Goller"], "actors": ["Matthias Schweighöfer", "Ruth-Maria Kubitschek", "August Diehl", "Anna Bederke", "Luc Feit", "Marleen Lohse", "Michael Lott", "Anatole Taubman", "Tómas Lemarquis", "Anna Thalbach"], "rating": 82.85714}
454162: {"name": "Ve válečné show", "duration":100, "dateCreated": 2016, "directors": ["Andreas Dalsgaard", "Obaidah Zytoon"], "actors": [], "rating": 76.190475}
533327: {"name": "Básnířka", "duration":90, "dateCreated": 2017, "directors": ["Stefanie Brockhaus", "Andreas Wolff"], "actors": [], "rating": 80.0}
775330: {"name": "Hodina němčiny", "duration":130, "dateCreated": 2019, "directors": ["Christian Schwochow"], "actors": ["Ulrich Noethen", "Tobias Moretti", "Levi Eisenblätter", "Tom Gronau", "Johanna Wokalek", "Sonja Richter", "Maria Dragus", "Louis Hofmann", "Artus Maria Matthiessen", "Marek Harloff"], "rating": 76.190475}
823299: {"name": "Curveball", "duration":108, "dateCreated": 2020, "directors": ["Johannes Naber"], "actors": ["Sebastian Blomberg", "Virginia Kull", "Dar Salim", "Thorsten Merten", "Michael Wittenborn", "Marcus Calvin", "Franziska Brandmeier", "George W. Bush", "Joschka Fischer", "Donald Rumsfeld"], "rating": 83.809525}
312570: {"name": "Gerhard Richter - Painting", "duration":97, "dateCreated": 2011, "directors": ["Corinna Belz"], "actors": ["Gerhard Richter", "Norbert Arns", "Hubert Becker", "Sabine Moritz-Richter", "Konstanze Ell", "Marian Goodman", "Benjamin Buchloh", "Kasper König", "Ulrich Wilmes", "Sandy Nairne"], "rating": 82.0}
426156: {"name": "Frank Zappa: Vlastními slovy", "duration":90, "dateCreated": 2016, "directors": ["Thorsten Schütte"], "actors": ["Frank Zappa", "Soupy Sales", "Adrian Belew", "Václav Havel", "Arlene Francis", "George Duke", "John Smothers", "Connie Chung", "Mike Douglas", "Mark Volman"], "rating": 81.0}
629037: {"name": "Géniové proti Hitlerovi", "duration":0, "dateCreated": 2013, "directors": [], "actors": ["Michael Curtiz"], "rating": 76.0}
724389: {"name": "Nejvýkonnější vesmírné teleskopy", "duration":52, "dateCreated": 2018, "directors": ["Martin H. Schmitt"], "actors": [], "rating": 79.0}
821504: {"name": "Chléb", "duration":94, "dateCreated": 2020, "directors": ["Harald Friedl"], "actors": [], "rating": 77.0}
948921: {"name": "Tripping with Nils Frahm", "duration":86, "dateCreated": 2020, "directors": ["Benoit Toulemonde"], "actors": ["Nils Frahm"], "rating": 84.0}
335832: {"name": "Intersexion", "duration":68, "dateCreated": 2012, "directors": ["Grant Lahood"], "actors": [], "rating": 84.210526}
339883: {"name": "Potopené egyptské město", "duration":52, "dateCreated": 2012, "directors": ["Jan Tenhaven"], "actors": ["Sebastian Christoph Jacob"], "rating": 87.36842}
344470: {"name": "Katedrály", "duration":15, "dateCreated": 2013, "directors": ["Konrad Kästner"], "actors": ["Hermann Beyer", "Simon Newby"], "rating": 76.8421}
375640: {"name": "Zahraniční fotograf a samota", "duration":5, "dateCreated": 2012, "directors": ["Jan Eichberg", "Willy Hans"], "actors": ["Eva Löbau", "Marc Zwinz", "Monika Plura", "Laura Reichwald"], "rating": 76.8421}
823933: {"name": "Otcovská péče", "duration":120, "dateCreated": 2020, "directors": ["Srdan Golubovič"], "actors": ["Goran Bogdan", "Boris Isakovič", "Nada Šargin", "Jovo Maksič", "Nikola Rakočevič", "Milan Marič", "Ljubomir Bandovič", "Mirko Vlahovič"], "rating": 76.8421}
336570: {"name": "Kathedralen der Kultur", "duration":0, "dateCreated": 2014, "directors": ["Karim Aïnouz", "Michael Glawogger", "Michael Madsen"], "actors": ["Meret Becker", "Margreth Olin", "Gennadij Věngerov"], "rating": 84.44444}
339988: {"name": "Záhady Severního moře", "duration":94, "dateCreated": 2013, "directors": ["Thomas Behrend", "Jan Haft", "Robert Morgenstern"], "actors": ["Axel Prahl"], "rating": 84.44444}
359858: {"name": "Berlin Kidz", "duration":0, "dateCreated": 2013, "directors": [], "actors": [], "rating": 80.0}
396769: {"name": "Hannah - A buddhizmus útja Nyugatra", "duration":90, "dateCreated": 2014, "directors": ["Marta György-Kessler", "Adam Penny"], "actors": ["Susannah Harker"], "rating": 87.77778}
434623: {"name": "Někde daleko", "duration":8, "dateCreated": 2015, "directors": ["Florian Grolig"], "actors": [], "rating": 81.111115}
434625: {"name": "Ovoce", "duration":7, "dateCreated": 2016, "directors": ["Gerhard Funk"], "actors": [], "rating": 88.888885}
471953: {"name": "Karélie: Ruský prales", "duration":45, "dateCreated": 2014, "directors": ["Henry Mix"], "actors": ["Clemens Gerhard"], "rating": 77.77778}
521327: {"name": "Mrtví osli se hyen nebojí", "duration":80, "dateCreated": 2017, "directors": ["Joakim Demmer"], "actors": [], "rating": 83.333336}
593455: {"name": "Oltář", "duration":95, "dateCreated": 2017, "directors": ["Alvaro Delgado Aparicio"], "actors": ["Magaly Solier", "Amiel Cayo", "Junior Bejar"], "rating": 75.55556}
739794: {"name": "Gut gegen Nordwind", "duration":123, "dateCreated": 2019, "directors": ["Vanessa Jopp"], "actors": ["Ulrich Thomsen", "Alexander Fehling", "Ella Rumpf", "Nora Tschirner", "Claudia Eisinger", "Lisa Tomaschewsky", "Moritz Führmann", "Eleonore Weisgerber", "Piet Fuchs", "Dominik Maringer"], "rating": 81.111115}
316054: {"name": "Dobrodružství v Serengeti", "duration":100, "dateCreated": 2010, "directors": ["Reinhard Radke"], "actors": ["Hardy Krüger Jr."], "rating": 85.882355}
323658: {"name": "PilotsEYE.tv: San Francisco A380", "duration":140, "dateCreated": 2012, "directors": ["Thomas Aigner"], "actors": ["Jürgen Raps", "Robert Jülicher", "Harald Tschira", "Peter Jacobus", "Norbert Wölfle"], "rating": 88.23529}
389378: {"name": "Píseň bez domova", "duration":93, "dateCreated": 2014, "directors": ["Ayat Najafi"], "actors": ["Elise Caron", "Imed Alibi", "Sara Najafi", "Parvin Namazi", "Sayeh Sodeyf", "Emel Mathlouthi", "Ali Rahimi"], "rating": 77.64706}
693044: {"name": "Prolomit ticho", "duration":90, "dateCreated": 2019, "directors": ["Suhaib Gasmelbari"], "actors": [], "rating": 76.47059}
812240: {"name": "Vivos", "duration":112, "dateCreated": 2020, "directors": ["Wej-wej Aj"], "actors": [], "rating": 78.82353}
371557: {"name": "Venčení", "duration":3, "dateCreated": 2014, "directors": ["Sonja Rohleder"], "actors": [], "rating": 82.5}
460355: {"name": "Teriér", "duration":24, "dateCreated": 2016, "directors": ["Ozan Mermer"], "actors": ["Isabella Wolf"], "rating": 77.5}
729046: {"name": "Paláce pro lidi", "duration":76, "dateCreated": 2019, "directors": ["Georgi Bogdanov", "Boris Missirkov"], "actors": [], "rating": 75.0}
894009: {"name": "The Egg", "duration":8, "dateCreated": 2019, "directors": [], "actors": [], "rating": 90.0}
922675: {"name": "Revolvo", "duration":8, "dateCreated": 2020, "directors": ["Francy Fabritz"], "actors": ["Marion Brasch", "Paul Frielinghaus", "Eva Medusa Gühne"], "rating": 80.0}
310138: {"name": "Nácíček", "duration":13, "dateCreated": 2010, "directors": ["Petra Lüschow"], "actors": ["Christine Schorn", "Oliver Stokowski", "Steffi Kühnert", "Amon Robert Wendel", "Maria Wardzinska"], "rating": 84.0}
341472: {"name": "Otec", "duration":16, "dateCreated": 2012, "directors": ["Ivan Bogdanov", "Veljko Popovic", "Moritz Mayerhofer"], "actors": [], "rating": 81.333336}
406237: {"name": "Adrenalin: The BMW Touring Car Story", "duration":123, "dateCreated": 2014, "directors": [], "actors": ["Hans Joachim Stuck", "Dieter Quester"], "rating": 93.333336}
416716: {"name": "Dobrý příběh", "duration":19, "dateCreated": 2013, "directors": ["Martin Christopher Bode"], "actors": ["Petra Kelling", "Patrick Mölleken", "Andrej Reimann", "Anna Stralmann", "Michael Tregor", "Ryszard Wojtyłło"], "rating": 82.666664}
484846: {"name": "Rey", "duration":90, "dateCreated": 2017, "directors": ["Niles Atallah"], "actors": [], "rating": 74.666664}
593538: {"name": "Kočičí dny", "duration":11, "dateCreated": 2018, "directors": ["Jon Frickey"], "actors": ["Yusuke Yamasaki"], "rating": 76.0}
968947: {"name": "Šváb", "duration":93, "dateCreated": 2020, "directors": ["Wej-wej Aj"], "actors": [], "rating": 77.333336}
66893: {"name": "Běh na dlouhou trať", "duration":91, "dateCreated": 2015, "directors": ["Daniel Andreas Sager"], "actors": [], "rating": 80.0}
304812: {"name": "Stát jsem já", "duration":100, "dateCreated": 2011, "directors": ["Paul Poet"], "actors": ["Paul Poet", "John Rinaldi", "Dark Dark Dark", "Caledonia Curry", "Tod Seelie", "Esperide Ananas", "Achim Ecker", "Michael Bates", "James Bates", "Leonard Casley"], "rating": 77.14286}
339880: {"name": "Neviditelný vesmír - mrknutím oka", "duration":50, "dateCreated": 2012, "directors": ["Luise Wagner"], "actors": [], "rating": 81.42857}
440939: {"name": "Lou Andreas-Salomé", "duration":112, "dateCreated": 2016, "directors": ["Cordula Kablitz-Post"], "actors": ["Katharina Lorenz", "Liv Lisa Fries", "Nicole Heesters", "Helena Pieske", "Matthias Lier", "Katharina Schüttler", "Petra Morzé", "Alexander Scheer", "Julius Feldmeier", "Philipp Hauß"], "rating": 75.71429}
905377: {"name": "DAU. Katya Tanya", "duration":103, "dateCreated": 2020, "directors": ["Ilja Chržanovskij", "Jekaterina Oertel"], "actors": ["Teodor Currentzis", "Olga Shkabarnya", "Anatolij Vasiljev", "Radmyla Ščoholeva"], "rating": 77.14286}
50320: {"name": "Falafel atomi", "duration":100, "dateCreated": 2015, "directors": ["Dror Shaul"], "actors": ["Mali Levi", "Shai Avivi", "Michelle Treves", "Alexander Fehling", "Zohar Strauss", "Yossi Marshek", "Will Robertson", "Eyal Rozales", "Nimrod Hochenberg", "Otana Mirza"], "rating": 76.92308}
62780: {"name": "Der Pakt mit dem Panda - Was uns der WWF verschweigt", "duration":50, "dateCreated": 2011, "directors": ["Wilfried Huismann"], "actors": ["princ Philip, vévoda z Edinburghu", "Jorge Rulli"], "rating": 90.76923}
317881: {"name": "Ekonomika štěstí", "duration":67, "dateCreated": 2011, "directors": ["Steven Gorelick", "Helena Norberg-Hodge", "John Page"], "actors": ["Vandana Shiva", "Bill McKibben", "David Korten", "Richard Heinberg", "Juliet Schor", "Gavin Newsom", "Rob Hopkins"], "rating": 75.38461}
327495: {"name": "Tlustý holky", "duration":77, "dateCreated": 2012, "directors": ["Axel Ranisch"], "actors": ["Ruth Bickelhaupt", "Heiko Pinkowski", "Peter Trabner", "Paul Pinkowski"], "rating": 75.38461}
352319: {"name": "River God 2", "duration":26, "dateCreated": 2013, "directors": ["Mike Hamel", "Olaf Obsommer"], "actors": [], "rating": 78.46154}
394329: {"name": "Sueñan los androides", "duration":61, "dateCreated": 2014, "directors": ["Ion De Sosa"], "actors": ["Manolo Marín", "Moisés Richart"], "rating": 78.46154}
394627: {"name": "We Are Twisted F*cking Sister!", "duration":136, "dateCreated": 2014, "directors": ["Andrew Horn"], "actors": ["Dee Snider", "Jay Jay French"], "rating": 84.61539}
490233: {"name": "The Green Hell", "duration":114, "dateCreated": 2017, "directors": ["Hannes Michael Schalle"], "actors": ["Niki Lauda", "Jackie Stewart", "Jochen Mass", "Hans Joachim Stuck", "Walter Röhrl", "Adrian Newey", "Stirling Moss"], "rating": 84.61539}
575356: {"name": "Grüner wird's nicht", "duration":117, "dateCreated": 2018, "directors": ["Florian Gallenberger"], "actors": ["Elmar Wepper", "Emma Bading", "Monika Baumgartner", "Dagmar Manzel", "Ulrich Tukur", "Sunnyi Melles", "Karolina Horster", "Gudrun Ritter", "Michael Hanemann", "Tilman Pörzgen"], "rating": 78.46154}
591790: {"name": "Berlin Kidz 2 - Fuck The System", "duration":63, "dateCreated": 2017, "directors": [], "actors": [], "rating": 80.0}
3058: {"name": "Sumsing", "duration":4, "dateCreated": 2014, "directors": ["Martin Rahmlow"], "actors": [], "rating": 76.666664}
295435: {"name": "Plug & Pray", "duration":90, "dateCreated": 2010, "directors": ["Jens Schanze"], "actors": ["Raymond Kurzweil"], "rating": 86.666664}
302825: {"name": "Dopis", "duration":29, "dateCreated": 2011, "directors": ["Doroteya Droumeva"], "actors": ["Kathleen Morgeneyer", "Christian Erdmann", "Constanze Wächter", "Sergius Buckmeier", "Evelyne Cannard"], "rating": 76.666664}
363067: {"name": "Ta naše mládež", "duration":78, "dateCreated": 2013, "directors": ["Matt Wolf"], "actors": ["Jena Malone", "Ben Whishaw", "Alden Ehrenreich", "Ben Rosenfield", "Julia Hummer", "Joanne Tucker", "Ivy Blackshire", "Syrie Moskowitz", "Jessie T. Usher", "Alexander Sharp"], "rating": 80.0}
434727: {"name": "Život je pes", "duration":3, "dateCreated": 2015, "directors": ["Simon Schnellmann"], "actors": [], "rating": 91.666664}
456913: {"name": "Zvědové míru", "duration":90, "dateCreated": 2017, "directors": ["Robert Thalheim"], "actors": ["Henry Hübchen", "Michael Gwisdek", "Antje Traue", "Jürgen Prochnow", "Thomas Thieme", "Winfried Glatzeder", "Florian Panzner", "Michael A. Grimm", "Husam Chadat", "Christian Skibinski"], "rating": 76.666664}
829571: {"name": "Maradonovy nohy", "duration":20, "dateCreated": 2019, "directors": ["Firas Khoury"], "actors": [], "rating": 78.333336}
296374: {"name": "Není úniku", "duration":82, "dateCreated": 2010, "directors": ["Mareille Klein", "Julie Kreuzer"], "actors": [], "rating": 74.545456}
319140: {"name": "Private Gold 134: Sex Studio", "duration":120, "dateCreated": 2012, "directors": [], "actors": [], "rating": 87.27273}
355481: {"name": "Výlet za láskou", "duration":84, "dateCreated": 2013, "directors": ["Carlo Zoratti"], "actors": ["Alex Nazzi", "Enea Gabino", "Carlo Zoratti", "Bruna Savorgnian", "Carla Meneghin", "Pia Covre", "Carla Corso", "Ute Prankl", "Lothar Sandfort", "Francesca Mucignat"], "rating": 76.36364}
437982: {"name": "Steel", "duration":108, "dateCreated": 2015, "directors": ["Sven J. Matten"], "actors": ["Mimi Kuzyk", "Chad Connell", "Tamara Gorski", "Logan Creran", "John B. Lowe", "Tyhr Trubiak", "Erik Athavale", "Gabriel Daniels", "Andrea del Campo", "Jason Wishnowski"], "rating": 78.181816}
444829: {"name": "Meine Brüder und Schwestern im Norden", "duration":106, "dateCreated": 2016, "directors": ["Seong-hyeong Cho"], "actors": ["Seong-hyeong Cho"], "rating": 81.818184}
550304: {"name": "Conny Plank: Možnosti noisu", "duration":92, "dateCreated": 2017, "directors": ["Stephan Plank", "Reto Caduff"], "actors": ["Conny Plank"], "rating": 81.818184}
587420: {"name": "Zubin Mehta, portrét", "duration":89, "dateCreated": 2017, "directors": ["Bettina Ehrhardt"], "actors": ["Zubin Mehta"], "rating": 76.36364}
634616: {"name": "Wackersdorf", "duration":123, "dateCreated": 2018, "directors": ["Oliver Haffner"], "actors": ["Johannes Zeiler", "Peter Jordan", "Florian Brückner", "Anna Maria Sturm", "Fabian Hinrichs", "Frederic Linkemann", "Sigi Zimmerschied", "August Zirner", "Marlene Morreis", "Thomas Limpinsel"], "rating": 81.818184}
670915: {"name": "Kábul, větrné město", "duration":88, "dateCreated": 2018, "directors": ["Aboozar Amini"], "actors": [], "rating": 80.0}
689906: {"name": "Hilma af Klint: Za hranici viditelného", "duration":93, "dateCreated": 2019, "directors": ["Halina Dyrschka"], "actors": ["Julia Voss", "Christian Kaiser"], "rating": 81.818184}
811330: {"name": "Enfant Terrible", "duration":134, "dateCreated": 2020, "directors": ["Oskar Roehler"], "actors": ["Oliver Masucci", "Hary Prinz", "Katja Riemann", "Felix Hellmann", "Anton Rattinger", "Erdal Yildiz", "Markus Hering", "Michael Klammer", "Jochen Schropp", "Frida Lovisa Hamann"], "rating": 74.545456}
1066679: {"name": "Od Himálaje k Indickému oceánu", "duration":54, "dateCreated": 2020, "directors": ["Alexander Sass"], "actors": [], "rating": 74.545456}
282669: {"name": "Ptačí posel", "duration":9, "dateCreated": 2010, "directors": ["Ina Findeisen"], "actors": [], "rating": 76.0}
313350: {"name": "Kouzelná cesta nepoužitelných věcí", "duration":93, "dateCreated": 2011, "directors": ["Katja Schupp"], "actors": [], "rating": 76.0}
319661: {"name": "Wagner & Me", "duration":89, "dateCreated": 2010, "directors": ["Patrick McGrady"], "actors": ["Stephen Fry"], "rating": 82.0}
365977: {"name": "Zelimova zpověď", "duration":60, "dateCreated": 2013, "directors": ["Natalia Mikhaylova"], "actors": [], "rating": 78.0}
368465: {"name": "Žij a nech žít", "duration":80, "dateCreated": 2013, "directors": ["Marc Pierschel"], "actors": ["Tom Regan", "Will Potter", "Peter Singer", "Jonathan Balcombe", "Melanie Joy", "Gary Francione", "Lauren Ornelas", "T. Colin Campbell", "Matt Ruscigno", "Jan Gerdes"], "rating": 86.0}
369091: {"name": "Private Gold 175: Porn Idol", "duration":117, "dateCreated": 2014, "directors": ["Frank Major"], "actors": ["Sophie Lynx", "Cherry Kiss", "Lyen Parker"], "rating": 82.0}
372502: {"name": "Private Gold 177: Anal Mansion Secrets", "duration":108, "dateCreated": 2014, "directors": ["Frank Major"], "actors": ["Sophie Lynx", "Samia Duarte", "Jessyka Swan"], "rating": 80.0}
408490: {"name": "Motör: Kopya Kültürü ve Popüler Türk Sinemasi", "duration":96, "dateCreated": 2015, "directors": ["Cem Kaya"], "actors": ["Memduh Ün", "Cüneyt Arkın", "Savaş Arslan"], "rating": 86.0}
511884: {"name": "Nothingwood", "duration":85, "dateCreated": 2017, "directors": ["Sonia Kronlund"], "actors": ["Salim Shaheen"], "rating": 76.0}
706712: {"name": "Hon na rozkoš", "duration":100, "dateCreated": 2019, "directors": ["Pernille Rose Grønkjær"], "actors": [], "rating": 78.0}
759650: {"name": "Vábení lesa: Zapomenutá moudrost stromů", "duration":87, "dateCreated": 2016, "directors": ["Jeffrey McKay"], "actors": ["Diana Beresford-Kroeger"], "rating": 82.0}
824078: {"name": "Garážníci", "duration":95, "dateCreated": 2020, "directors": ["Natalija Yefimkina"], "actors": [], "rating": 78.0}
867380: {"name": "Just a Guy", "duration":15, "dateCreated": 2020, "directors": ["Shoko Hara"], "actors": ["Eva Clayton", "Richard Ramirez"], "rating": 76.0}
